<?xml version="1.0" encoding="utf-8" ?>
<CommonStorage>
  <!-- Default values examples: -->
  <!-- DEVFOUND: NewTenant -->
  <!-- DEVFOUND: New Tenant -->
  <!-- [UseNeptune]: false -->
  <!-- net.tcp://localhost/DEVFOUND/Services/SecurityServices/: net.tcp://localhost/Services/SecurityServices/ -->
  <!-- https://devfound.local/DEVFOUND/Login/: https://dsp2afdev1.apptoyou.com/dsp2dev1tenant1/Login/ -->
  <!-- [CertificateStoreName]: My -->
  <!-- [CertificateStoreLocation]: LocalMachine -->
  <!-- /DEVFOUND/Login/: /DEVFOUND/Login/ -->
  <!-- true: false -->
  <!-- DEVFOUND: ADFS -->
  <!-- [FederationSigningCertThumbprint]: e1 39 38 b6 c6 1c 23 d9 e5 8c 1b ef 50 c8 e1 29 20 9a 79 3c -->
  <!-- [SingleSignOnServiceURL]: https://dsp1adfs.apptoyou.com/adfs/ls/ -->
  <!-- false: false -->
  <!-- true: false -->
  <!-- FindByThumbprint: FindByThumbprint -->
  <!-- 64026244738C5BD8DBBDC142C5AAC25B633BEC64: e1 39 38 b6 c6 1c 23 d9 e5 8c 1b ef 50 c8 e1 29 20 9a 79 3c -->
  <!-- [IDPName]: http://DSP1ADFS.apptoyou.com/adfs/services/trust -->
  <!-- [UseEmbeddedCertificate]: false -->
  <!-- [SignAuthenticationRequest]: true -->
  <!-- [SignLogoutRequest]: true -->
  <!-- [SignLogoutResponse]: true -->
  <!-- urn:oasis:names:tc:SAML:2.0:bindings:HTTP-[SingleSignOnServiceBinding]: urn:oasis:names:tc:SAML:2.0:bindings:HTTP-POST -->
  <!-- urn:oasis:names:tc:SAML:2.0:bindings:HTTP-[SingleLogoutServiceBinding]: urn:oasis:names:tc:SAML:2.0:bindings:HTTP-POST -->
  <!-- [SignatureMethod]: http://www.w3.org/2001/04/xmldsig-more#rsa-sha256 -->
  <!-- [WantAssertionSigned]: true -->
  <!-- [WantAssertionEncrypted]: false -->
  <Tenants>
    <Tenant Id="DEVFOUND" Name="DEVFOUND" />
  </Tenants>
  <Applications>
    <Application Id="LOGON" Name="Logon" />
    <Application Id="SecurityServices" Name="SecurityServices" />
  </Applications>
  <Settings>
    <!-- Logon -->
    <Setting Key="nonNeptuneLogin" ApplicationId="LOGON" TenantId="DEVFOUND">[UseNeptune]</Setting>
    <!-- A&A Endpoints -->
    <Setting Key="Endpoint|Personec.Security.Contracts.IAuthenticationService" ApplicationId="SecurityServices" TenantId="DEVFOUND">net.tcp://localhost/DEVFOUND/Services/SecurityServices/AuthenticationService.svc</Setting>
    <Setting Key="Endpoint|Personec.Security.Contracts.IAuthorizationService" ApplicationId="SecurityServices" TenantId="DEVFOUND">net.tcp://localhost/DEVFOUND/Services/SecurityServices/AuthorizationService.svc</Setting>
    <Setting Key="Endpoint|Personec.Security.Contracts.IUserService" ApplicationId="SecurityServices" TenantId="DEVFOUND">net.tcp://localhost/DEVFOUND/Services/SecurityServices/UserService.svc</Setting>
    <Setting Key="Endpoint|Personec.Security.Contracts.ILegacyService" ApplicationId="SecurityServices" TenantId="DEVFOUND">net.tcp://localhost/DEVFOUND/Services/SecurityServices/LegacyService.svc</Setting>
    <Setting Key="Endpoint|Personec.Security.Contracts.IGlobalizationService" ApplicationId="SecurityServices" TenantId="DEVFOUND">net.tcp://localhost/DEVFOUND/Services/SecurityServices/GlobalizationService.svc</Setting>
    <!-- Identity Configuration -->
    <Setting Key="identityConfiguration.audienceUri" ApplicationId="LOGON" TenantId="DEVFOUND">https://devfound.local/DEVFOUND/Login/</Setting>
    <Setting Key="identityConfiguration.issuerNameRegistry.Name" ApplicationId="LOGON" TenantId="DEVFOUND">DEVFOUND</Setting>
    <Setting Key="identityConfiguration.issuerNameRegistry.Value" ApplicationId="LOGON" TenantId="DEVFOUND">[FederationSigningCertThumbprint]</Setting>
    <!-- Federation Configuration -->
    <Setting Key="federationConfiguration.cookieHandler.Path" ApplicationId="LOGON" TenantId="DEVFOUND">/DEVFOUND/Login/</Setting>
    <Setting Key="federationConfiguration.cookieHandler.RequireSSL" ApplicationId="LOGON" TenantId="DEVFOUND">true</Setting>
    <Setting Key="federationConfiguration.serviceCertificate.storeName" ApplicationId="LOGON" TenantId="DEVFOUND">[CertificateStoreName]</Setting>
    <Setting Key="federationConfiguration.serviceCertificate.storeLocation" ApplicationId="LOGON" TenantId="DEVFOUND">[CertificateStoreLocation]</Setting>
    <Setting Key="federationConfiguration.wsFederation.Realm" ApplicationId="LOGON" TenantId="DEVFOUND">https://devfound.local/DEVFOUND/Login/</Setting>
    <Setting Key="federationConfiguration.wsFederation.Issuer" ApplicationId="LOGON" TenantId="DEVFOUND">[SingleSignOnServiceURL]</Setting>
    <Setting Key="federationConfiguration.wsFederation.PassiveRedirectEnabled" ApplicationId="LOGON" TenantId="DEVFOUND">false</Setting>
    <Setting Key="federationConfiguration.cookieHandler.RequireHttps" ApplicationId="LOGON" TenantId="DEVFOUND">true</Setting>
    <Setting Key="federationConfiguration.serviceCertificate.x509FindType" ApplicationId="LOGON" TenantId="DEVFOUND">FindByThumbprint</Setting>
    <Setting Key="federationConfiguration.serviceCertificate.findValue" ApplicationId="LOGON" TenantId="DEVFOUND">64026244738C5BD8DBBDC142C5AAC25B633BEC64</Setting>
    <!-- Service Provider Configuration -->
    <Setting Key="serviceProvider.Name" ApplicationId="LOGON" TenantId="DEVFOUND">https://devfound.local/DEVFOUND/Login/</Setting>
    <Setting Key="serviceProvider.AssertionConsumerServiceUrl" ApplicationId="LOGON" TenantId="DEVFOUND">https://devfound.local/DEVFOUND/Login/Account/SingleSignOn/</Setting>
    <Setting Key="serviceProvider.CertificateThumbprint" ApplicationId="LOGON" TenantId="DEVFOUND">64026244738C5BD8DBBDC142C5AAC25B633BEC64</Setting>
    <!-- Partner Identity Provider Configuration -->
    <Setting Key="partnerIdentityProvider.Name" ApplicationId="LOGON" TenantId="DEVFOUND">[IDPName]</Setting>
    <Setting Key="partnerIdentityProvider.SingleSignOnServiceUrl" ApplicationId="LOGON" TenantId="DEVFOUND">[SingleSignOnServiceURL]</Setting>
	<Setting Key="partnerIdentityProvider.SingleLogoutServiceUrl" ApplicationId="LOGON" TenantId="DEVFOUND">[SingleLogoutServiceURL]</Setting>
    <Setting Key="partnerIdentityProvider.SingleLogoutServiceResponseUrl" ApplicationId="LOGON" TenantId="DEVFOUND">[SingleSignOnServiceURL]</Setting>
    <Setting Key="partnerIdentityProvider.CertificateThumbprint" ApplicationId="LOGON" TenantId="DEVFOUND">[FederationSigningCertThumbprint]</Setting>
    <Setting Key="partnerIdentityProvider.UseEmbeddedCertificate" ApplicationId="LOGON" TenantId="DEVFOUND">[UseEmbeddedCertificate]</Setting>
    <Setting Key="partnerIdentityProvider.SignAuthnRequest" ApplicationId="LOGON" TenantId="DEVFOUND">[SignAuthenticationRequest]</Setting>
    <Setting Key="partnerIdentityProvider.SignLogoutRequest" ApplicationId="LOGON" TenantId="DEVFOUND">[SignLogoutRequest]</Setting>
    <Setting Key="partnerIdentityProvider.SignLogoutResponse" ApplicationId="LOGON" TenantId="DEVFOUND">[SignLogoutResponse]</Setting>
    <Setting Key="partnerIdentityProvider.SingleSignOnServiceBinding" ApplicationId="LOGON" TenantId="DEVFOUND">urn:oasis:names:tc:SAML:2.0:bindings:HTTP-[SingleSignOnServiceBinding]</Setting>
    <Setting Key="partnerIdentityProvider.SingleLogoutServiceBinding" ApplicationId="LOGON" TenantId="DEVFOUND">urn:oasis:names:tc:SAML:2.0:bindings:HTTP-[SingleLogoutServiceBinding]</Setting>
    <Setting Key="partnerIdentityProvider.SignatureMethod" ApplicationId="LOGON" TenantId="DEVFOUND">[SignatureMethod]</Setting>
    <Setting Key="partnerIdentityProvider.WantAssertionSigned" ApplicationId="LOGON" TenantId="DEVFOUND">[WantAssertionSigned]</Setting>
    <Setting Key="partnerIdentityProvider.WantAssertionEncrypted" ApplicationId="LOGON" TenantId="DEVFOUND">[WantAssertionEncrypted]</Setting>
  </Settings>
  <ClaimMappings>
    <ClaimMapping TenantId="DEVFOUND">
      <MapFrom>http://schemas.microsoft.com/ws/2008/06/identity/claims/authenticationinstant</MapFrom>
      <MapTo>http://schemas.devexternal.com/identity/claims/2011/11/ssn</MapTo>
    </ClaimMapping>
    <ClaimMapping TenantId="DEVFOUND">
      <MapFrom>http://schemas.microsoft.com/ws/2008/06/identity/claims/authenticationmethod</MapFrom>
      <MapTo>http://schemas.devexternal.com/identity/claims/2011/11/ULI</MapTo>
    </ClaimMapping>
    <ClaimMapping TenantId="DEVFOUND">
      <MapFrom>http://schemas.xmlsoap.org/ws/2005/05/identity/claims/nameidentifier</MapFrom>
      <MapTo>http://schemas.devexternal.com/identity/claims/2011/11/loginlang</MapTo>
    </ClaimMapping>
  </ClaimMappings>
</CommonStorage>