﻿<ArrayOfString xmlns:xsi="http://www.w3.org/2001/XMLSchema-instance" xmlns:xsd="http://www.w3.org/2001/XMLSchema">
  <string>&lt;INSTANCE CLASSNAME="SMS_TaskSequenceReferencesInfo"&gt;
  &lt;PROPERTY TYPE="string" NAME="__RELPATH"&gt;
    &lt;VALUE&gt;&lt;/VALUE&gt;
  &lt;/PROPERTY&gt;
  &lt;PROPERTY NAME="PackageID" TYPE="string"&gt;
    &lt;VALUE&gt;HB10025E&lt;/VALUE&gt;
  &lt;/PROPERTY&gt;
  &lt;PROPERTY NAME="ProgramName" TYPE="string"&gt;
    &lt;VALUE&gt;*&lt;/VALUE&gt;
  &lt;/PROPERTY&gt;
  &lt;PROPERTY NAME="ReferenceDescription" TYPE="string"&gt;
    &lt;VALUE&gt;&lt;/VALUE&gt;
  &lt;/PROPERTY&gt;
  &lt;PROPERTY NAME="ReferenceName" TYPE="string"&gt;
    &lt;VALUE&gt;Windows 10 Customization&lt;/VALUE&gt;
  &lt;/PROPERTY&gt;
  &lt;PROPERTY NAME="ReferencePackageID" TYPE="string"&gt;
    &lt;VALUE&gt;HB100110&lt;/VALUE&gt;
  &lt;/PROPERTY&gt;
  &lt;PROPERTY NAME="ReferencePackageType" TYPE="uint32"&gt;
    &lt;VALUE&gt;0&lt;/VALUE&gt;
  &lt;/PROPERTY&gt;
  &lt;PROPERTY NAME="ReferenceProgramName" TYPE="string"&gt;
    &lt;VALUE&gt;Install&lt;/VALUE&gt;
  &lt;/PROPERTY&gt;
  &lt;PROPERTY NAME="ReferenceVersion" TYPE="string"&gt;
    &lt;VALUE&gt;4.01&lt;/VALUE&gt;
  &lt;/PROPERTY&gt;
&lt;/INSTANCE&gt;</string>
  <string>&lt;INSTANCE CLASSNAME="SMS_TaskSequenceReferencesInfo"&gt;
  &lt;PROPERTY TYPE="string" NAME="__RELPATH"&gt;
    &lt;VALUE&gt;&lt;/VALUE&gt;
  &lt;/PROPERTY&gt;
  &lt;PROPERTY NAME="PackageID" TYPE="string"&gt;
    &lt;VALUE&gt;HB10025E&lt;/VALUE&gt;
  &lt;/PROPERTY&gt;
  &lt;PROPERTY NAME="ProgramName" TYPE="string"&gt;
    &lt;VALUE&gt;*&lt;/VALUE&gt;
  &lt;/PROPERTY&gt;
  &lt;PROPERTY NAME="ReferenceDescription" TYPE="string"&gt;
    &lt;VALUE&gt;&lt;/VALUE&gt;
  &lt;/PROPERTY&gt;
  &lt;PROPERTY NAME="ReferenceName" TYPE="string"&gt;
    &lt;VALUE&gt;Branding for Windows - Safstrand&lt;/VALUE&gt;
  &lt;/PROPERTY&gt;
  &lt;PROPERTY NAME="ReferencePackageID" TYPE="string"&gt;
    &lt;VALUE&gt;HB1001DA&lt;/VALUE&gt;
  &lt;/PROPERTY&gt;
  &lt;PROPERTY NAME="ReferencePackageType" TYPE="uint32"&gt;
    &lt;VALUE&gt;0&lt;/VALUE&gt;
  &lt;/PROPERTY&gt;
  &lt;PROPERTY NAME="ReferenceProgramName" TYPE="string"&gt;
    &lt;VALUE&gt;Install&lt;/VALUE&gt;
  &lt;/PROPERTY&gt;
  &lt;PROPERTY NAME="ReferenceVersion" TYPE="string"&gt;
    &lt;VALUE&gt;7.10&lt;/VALUE&gt;
  &lt;/PROPERTY&gt;
&lt;/INSTANCE&gt;</string>
  <string>&lt;INSTANCE CLASSNAME="SMS_TaskSequenceReferencesInfo"&gt;
  &lt;PROPERTY TYPE="string" NAME="__RELPATH"&gt;
    &lt;VALUE&gt;&lt;/VALUE&gt;
  &lt;/PROPERTY&gt;
  &lt;PROPERTY NAME="PackageID" TYPE="string"&gt;
    &lt;VALUE&gt;HB10025E&lt;/VALUE&gt;
  &lt;/PROPERTY&gt;
  &lt;PROPERTY NAME="ProgramName" TYPE="string"&gt;
    &lt;VALUE&gt;*&lt;/VALUE&gt;
  &lt;/PROPERTY&gt;
  &lt;PROPERTY NAME="ReferenceDescription" TYPE="string"&gt;
    &lt;VALUE&gt;&lt;/VALUE&gt;
  &lt;/PROPERTY&gt;
  &lt;PROPERTY NAME="ReferenceName" TYPE="string"&gt;
    &lt;VALUE&gt;Cygate Installation Tools&lt;/VALUE&gt;
  &lt;/PROPERTY&gt;
  &lt;PROPERTY NAME="ReferencePackageID" TYPE="string"&gt;
    &lt;VALUE&gt;HB1001E3&lt;/VALUE&gt;
  &lt;/PROPERTY&gt;
  &lt;PROPERTY NAME="ReferencePackageType" TYPE="uint32"&gt;
    &lt;VALUE&gt;0&lt;/VALUE&gt;
  &lt;/PROPERTY&gt;
  &lt;PROPERTY NAME="ReferenceProgramName" TYPE="string"&gt;
    &lt;VALUE&gt;*&lt;/VALUE&gt;
  &lt;/PROPERTY&gt;
  &lt;PROPERTY NAME="ReferenceVersion" TYPE="string"&gt;
    &lt;VALUE&gt;6.22&lt;/VALUE&gt;
  &lt;/PROPERTY&gt;
&lt;/INSTANCE&gt;</string>
  <string>&lt;INSTANCE CLASSNAME="SMS_TaskSequenceReferencesInfo"&gt;
  &lt;PROPERTY TYPE="string" NAME="__RELPATH"&gt;
    &lt;VALUE&gt;&lt;/VALUE&gt;
  &lt;/PROPERTY&gt;
  &lt;PROPERTY NAME="PackageID" TYPE="string"&gt;
    &lt;VALUE&gt;HB10025E&lt;/VALUE&gt;
  &lt;/PROPERTY&gt;
  &lt;PROPERTY NAME="ProgramName" TYPE="string"&gt;
    &lt;VALUE&gt;*&lt;/VALUE&gt;
  &lt;/PROPERTY&gt;
  &lt;PROPERTY NAME="ReferenceDescription" TYPE="string"&gt;
    &lt;VALUE&gt;&lt;/VALUE&gt;
  &lt;/PROPERTY&gt;
  &lt;PROPERTY NAME="ReferenceName" TYPE="string"&gt;
    &lt;VALUE&gt;BIOS AutoUpdate Package&lt;/VALUE&gt;
  &lt;/PROPERTY&gt;
  &lt;PROPERTY NAME="ReferencePackageID" TYPE="string"&gt;
    &lt;VALUE&gt;HB10020A&lt;/VALUE&gt;
  &lt;/PROPERTY&gt;
  &lt;PROPERTY NAME="ReferencePackageType" TYPE="uint32"&gt;
    &lt;VALUE&gt;0&lt;/VALUE&gt;
  &lt;/PROPERTY&gt;
  &lt;PROPERTY NAME="ReferenceProgramName" TYPE="string"&gt;
    &lt;VALUE&gt;*&lt;/VALUE&gt;
  &lt;/PROPERTY&gt;
  &lt;PROPERTY NAME="ReferenceVersion" TYPE="string"&gt;
    &lt;VALUE&gt;&lt;/VALUE&gt;
  &lt;/PROPERTY&gt;
&lt;/INSTANCE&gt;</string>
  <string>&lt;INSTANCE CLASSNAME="SMS_TaskSequenceReferencesInfo"&gt;
  &lt;PROPERTY TYPE="string" NAME="__RELPATH"&gt;
    &lt;VALUE&gt;&lt;/VALUE&gt;
  &lt;/PROPERTY&gt;
  &lt;PROPERTY NAME="PackageID" TYPE="string"&gt;
    &lt;VALUE&gt;HB10025E&lt;/VALUE&gt;
  &lt;/PROPERTY&gt;
  &lt;PROPERTY NAME="ProgramName" TYPE="string"&gt;
    &lt;VALUE&gt;*&lt;/VALUE&gt;
  &lt;/PROPERTY&gt;
  &lt;PROPERTY NAME="ReferenceDescription" TYPE="string"&gt;
    &lt;VALUE&gt;&lt;/VALUE&gt;
  &lt;/PROPERTY&gt;
  &lt;PROPERTY NAME="ReferenceName" TYPE="string"&gt;
    &lt;VALUE&gt;Driver Information Package&lt;/VALUE&gt;
  &lt;/PROPERTY&gt;
  &lt;PROPERTY NAME="ReferencePackageID" TYPE="string"&gt;
    &lt;VALUE&gt;HB100220&lt;/VALUE&gt;
  &lt;/PROPERTY&gt;
  &lt;PROPERTY NAME="ReferencePackageType" TYPE="uint32"&gt;
    &lt;VALUE&gt;0&lt;/VALUE&gt;
  &lt;/PROPERTY&gt;
  &lt;PROPERTY NAME="ReferenceProgramName" TYPE="string"&gt;
    &lt;VALUE&gt;*&lt;/VALUE&gt;
  &lt;/PROPERTY&gt;
  &lt;PROPERTY NAME="ReferenceVersion" TYPE="string"&gt;
    &lt;VALUE&gt;&lt;/VALUE&gt;
  &lt;/PROPERTY&gt;
&lt;/INSTANCE&gt;</string>
</ArrayOfString>