﻿<?xml version="1.0" encoding="utf-8"?>
<CustomizationSettings>
  <Translations>
    <Translation Language="en">
      <PageTitle>Visma Window Login</PageTitle>
      <UsernamePlaceholder>Username</UsernamePlaceholder>
      <InstructionSummary>If you have forgotten or need to create a password, you can click on the link below</InstructionSummary>
      <InstructionDetails></InstructionDetails>
    </Translation>
    <Translation Language="sv">
      <PageTitle>Visma Window Login</PageTitle>
      <UsernamePlaceholder>Användarnamn</UsernamePlaceholder>
      <InstructionSummary>Om du glömt eller behöver skapa ett lösenord kan du klicka på länken nedan</InstructionSummary>
      <InstructionDetails></InstructionDetails>
    </Translation>
    <Translation Language="nb">
      <PageTitle>Visma Window Login</PageTitle>
      <UsernamePlaceholder>Brukernavn</UsernamePlaceholder>
      <InstructionSummary>Hvis du har glemt eller trenger å få opprettet et nytt passord, kan du klikke på lenken nedenfor</InstructionSummary>
      <InstructionDetails></InstructionDetails>
    </Translation>
    <Translation Language="fi">
      <PageTitle>Visma Window Login</PageTitle>
      <UsernamePlaceholder>Käyttäjän nimi</UsernamePlaceholder>
      <InstructionSummary>Jos olet unohtanut salasanasi tai sinun pitää luoda uusi, klikkaa allaolevaa linkkiä</InstructionSummary>
      <InstructionDetails></InstructionDetails>
    </Translation>
    <Translation Language="da">
      <PageTitle>Visma Window Login</PageTitle>
      <UsernamePlaceholder>Brugernavn</UsernamePlaceholder>
      <InstructionSummary>Hvis du har glemt eller har brug for at oprette en adgangskode, kan du klikke på nedenstående link</InstructionSummary>
      <InstructionDetails></InstructionDetails>
    </Translation>
  </Translations>
  <CustomerLogotypeFileName>4gfg2vyz.png</CustomerLogotypeFileName>
</CustomizationSettings>