<INSTANCE CLASSNAME="SMS_TaskSequencePackage">
  <QUALIFIER NAME="dynamic" PROPAGATED="true" TYPE="boolean" TOSUBCLASS="false" TOINSTANCE="true">
    <VALUE>TRUE</VALUE>
  </QUALIFIER>
  <QUALIFIER NAME="SecurityVerbs" TYPE="sint32" TOSUBCLASS="false">
    <VALUE>-1</VALUE>
  </QUALIFIER>
  <PROPERTY NAME="__PATH" CLASSORIGIN="___SYSTEM" TYPE="string">
    <VALUE>\\HBGSCCM01\root\sms\site_HB1:SMS_TaskSequencePackage.PackageID="HB10025F"</VALUE>
  </PROPERTY>
  <PROPERTY NAME="__NAMESPACE" CLASSORIGIN="___SYSTEM" TYPE="string">
    <VALUE>root\sms\site_HB1</VALUE>
  </PROPERTY>
  <PROPERTY NAME="__SERVER" CLASSORIGIN="___SYSTEM" TYPE="string">
    <VALUE>HBGSCCM01</VALUE>
  </PROPERTY>
  <PROPERTY.ARRAY NAME="__DERIVATION" CLASSORIGIN="___SYSTEM" TYPE="string">
    <VALUE.ARRAY>
      <VALUE>SMS_PackageBaseclass</VALUE>
      <VALUE>SMS_BaseClass</VALUE>
    </VALUE.ARRAY>
  </PROPERTY.ARRAY>
  <PROPERTY NAME="__PROPERTY_COUNT" CLASSORIGIN="___SYSTEM" TYPE="sint32">
    <VALUE>78</VALUE>
  </PROPERTY>
  <PROPERTY NAME="__RELPATH" CLASSORIGIN="___SYSTEM" TYPE="string">
    <VALUE>SMS_TaskSequencePackage.PackageID="HB10025F"</VALUE>
  </PROPERTY>
  <PROPERTY NAME="__DYNASTY" CLASSORIGIN="___SYSTEM" TYPE="string">
    <VALUE>SMS_BaseClass</VALUE>
  </PROPERTY>
  <PROPERTY NAME="__SUPERCLASS" CLASSORIGIN="___SYSTEM" TYPE="string">
    <VALUE>SMS_PackageBaseclass</VALUE>
  </PROPERTY>
  <PROPERTY NAME="__CLASS" CLASSORIGIN="___SYSTEM" TYPE="string">
    <VALUE>SMS_TaskSequencePackage</VALUE>
  </PROPERTY>
  <PROPERTY NAME="__GENUS" CLASSORIGIN="___SYSTEM" TYPE="sint32">
    <VALUE>2</VALUE>
  </PROPERTY>
  <PROPERTY NAME="ActionInProgress" CLASSORIGIN="SMS_PackageBaseclass" TYPE="uint32">
    <QUALIFIER NAME="CIMTYPE" PROPAGATED="true" TYPE="string" TOINSTANCE="true">
      <VALUE>uint32</VALUE>
    </QUALIFIER>
    <VALUE>1</VALUE>
  </PROPERTY>
  <PROPERTY NAME="AlternateContentProviders" CLASSORIGIN="SMS_PackageBaseclass" TYPE="string">
    <QUALIFIER NAME="CIMTYPE" PROPAGATED="true" TYPE="string" TOINSTANCE="true">
      <VALUE>string</VALUE>
    </QUALIFIER>
    <VALUE></VALUE>
  </PROPERTY>
  <PROPERTY NAME="BaseBoardProductID" CLASSORIGIN="SMS_PackageBaseclass" PROPAGATED="true" TYPE="string">
    <QUALIFIER NAME="CIMTYPE" PROPAGATED="true" TYPE="string" TOINSTANCE="true">
      <VALUE>string</VALUE>
    </QUALIFIER>
    <VALUE></VALUE>
  </PROPERTY>
  <PROPERTY NAME="BootImageID" CLASSORIGIN="SMS_TaskSequencePackage" TYPE="string">
    <QUALIFIER NAME="CIMTYPE" PROPAGATED="true" TYPE="string" TOINSTANCE="true">
      <VALUE>string</VALUE>
    </QUALIFIER>
    <VALUE></VALUE>
  </PROPERTY>
  <PROPERTY NAME="Category" CLASSORIGIN="SMS_TaskSequencePackage" TYPE="string">
    <QUALIFIER NAME="CIMTYPE" PROPAGATED="true" TYPE="string" TOINSTANCE="true">
      <VALUE>string</VALUE>
    </QUALIFIER>
    <VALUE></VALUE>
  </PROPERTY>
  <PROPERTY NAME="CustomHighImpactHeadline" CLASSORIGIN="SMS_TaskSequencePackage" TYPE="string">
    <QUALIFIER NAME="CIMTYPE" PROPAGATED="true" TYPE="string" TOINSTANCE="true">
      <VALUE>string</VALUE>
    </QUALIFIER>
    <VALUE></VALUE>
  </PROPERTY>
  <PROPERTY NAME="CustomHighImpactSet" CLASSORIGIN="SMS_TaskSequencePackage" TYPE="uint32">
    <QUALIFIER NAME="CIMTYPE" PROPAGATED="true" TYPE="string" TOINSTANCE="true">
      <VALUE>uint32</VALUE>
    </QUALIFIER>
    <VALUE>0</VALUE>
  </PROPERTY>
  <PROPERTY NAME="CustomHighImpactWarning" CLASSORIGIN="SMS_TaskSequencePackage" TYPE="string">
    <QUALIFIER NAME="CIMTYPE" PROPAGATED="true" TYPE="string" TOINSTANCE="true">
      <VALUE>string</VALUE>
    </QUALIFIER>
    <VALUE></VALUE>
  </PROPERTY>
  <PROPERTY NAME="CustomHighImpactWarningInstall" CLASSORIGIN="SMS_TaskSequencePackage" TYPE="string">
    <QUALIFIER NAME="CIMTYPE" PROPAGATED="true" TYPE="string" TOINSTANCE="true">
      <VALUE>string</VALUE>
    </QUALIFIER>
    <VALUE></VALUE>
  </PROPERTY>
  <PROPERTY NAME="CustomHighImpactWarningTop" CLASSORIGIN="SMS_TaskSequencePackage" TYPE="string">
    <QUALIFIER NAME="CIMTYPE" PROPAGATED="true" TYPE="string" TOINSTANCE="true">
      <VALUE>string</VALUE>
    </QUALIFIER>
    <VALUE></VALUE>
  </PROPERTY>
  <PROPERTY NAME="CustomProgressMsg" CLASSORIGIN="SMS_TaskSequencePackage" TYPE="string">
    <QUALIFIER NAME="CIMTYPE" PROPAGATED="true" TYPE="string" TOINSTANCE="true">
      <VALUE>string</VALUE>
    </QUALIFIER>
    <VALUE></VALUE>
  </PROPERTY>
  <PROPERTY NAME="DependentProgram" CLASSORIGIN="SMS_TaskSequencePackage" TYPE="string">
    <QUALIFIER NAME="CIMTYPE" PROPAGATED="true" TYPE="string" TOINSTANCE="true">
      <VALUE>string</VALUE>
    </QUALIFIER>
    <VALUE></VALUE>
  </PROPERTY>
  <PROPERTY NAME="Description" CLASSORIGIN="SMS_PackageBaseclass" TYPE="string">
    <QUALIFIER NAME="CIMTYPE" PROPAGATED="true" TYPE="string" TOINSTANCE="true">
      <VALUE>string</VALUE>
    </QUALIFIER>
    <VALUE>6.22</VALUE>
  </PROPERTY>
  <PROPERTY NAME="DriverManufacturer" CLASSORIGIN="SMS_PackageBaseclass" PROPAGATED="true" TYPE="string">
    <QUALIFIER NAME="CIMTYPE" PROPAGATED="true" TYPE="string" TOINSTANCE="true">
      <VALUE>string</VALUE>
    </QUALIFIER>
    <VALUE></VALUE>
  </PROPERTY>
  <PROPERTY NAME="DriverModel" CLASSORIGIN="SMS_PackageBaseclass" PROPAGATED="true" TYPE="string">
    <QUALIFIER NAME="CIMTYPE" PROPAGATED="true" TYPE="string" TOINSTANCE="true">
      <VALUE>string</VALUE>
    </QUALIFIER>
    <VALUE></VALUE>
  </PROPERTY>
  <PROPERTY NAME="DriverOSVersion" CLASSORIGIN="SMS_PackageBaseclass" PROPAGATED="true" TYPE="string">
    <QUALIFIER NAME="CIMTYPE" PROPAGATED="true" TYPE="string" TOINSTANCE="true">
      <VALUE>string</VALUE>
    </QUALIFIER>
    <VALUE></VALUE>
  </PROPERTY>
  <PROPERTY NAME="DriverPkgVersion" CLASSORIGIN="SMS_PackageBaseclass" PROPAGATED="true" TYPE="string">
    <QUALIFIER NAME="CIMTYPE" PROPAGATED="true" TYPE="string" TOINSTANCE="true">
      <VALUE>string</VALUE>
    </QUALIFIER>
    <VALUE></VALUE>
  </PROPERTY>
  <PROPERTY NAME="Duration" CLASSORIGIN="SMS_TaskSequencePackage" TYPE="uint32">
    <QUALIFIER NAME="CIMTYPE" PROPAGATED="true" TYPE="string" TOINSTANCE="true">
      <VALUE>uint32</VALUE>
    </QUALIFIER>
    <VALUE>360</VALUE>
  </PROPERTY>
  <PROPERTY NAME="EstimatedDownloadSizeMB" CLASSORIGIN="SMS_TaskSequencePackage" TYPE="uint32">
    <QUALIFIER NAME="CIMTYPE" PROPAGATED="true" TYPE="string" TOINSTANCE="true">
      <VALUE>uint32</VALUE>
    </QUALIFIER>
    <VALUE>0</VALUE>
  </PROPERTY>
  <PROPERTY NAME="EstimatedRunTimeMinutes" CLASSORIGIN="SMS_TaskSequencePackage" TYPE="uint32">
    <QUALIFIER NAME="CIMTYPE" PROPAGATED="true" TYPE="string" TOINSTANCE="true">
      <VALUE>uint32</VALUE>
    </QUALIFIER>
    <VALUE>0</VALUE>
  </PROPERTY>
  <PROPERTY.ARRAY NAME="ExtendedData" CLASSORIGIN="SMS_PackageBaseclass" TYPE="uint8">
    <QUALIFIER NAME="CIMTYPE" PROPAGATED="true" TYPE="string" TOINSTANCE="true">
      <VALUE>uint8</VALUE>
    </QUALIFIER>
  </PROPERTY.ARRAY>
  <PROPERTY NAME="ExtendedDataSize" CLASSORIGIN="SMS_PackageBaseclass" TYPE="uint32">
    <QUALIFIER NAME="CIMTYPE" PROPAGATED="true" TYPE="string" TOINSTANCE="true">
      <VALUE>uint32</VALUE>
    </QUALIFIER>
    <VALUE>0</VALUE>
  </PROPERTY>
  <PROPERTY NAME="ForcedDisconnectDelay" CLASSORIGIN="SMS_PackageBaseclass" TYPE="uint32">
    <QUALIFIER NAME="CIMTYPE" PROPAGATED="true" TYPE="string" TOINSTANCE="true">
      <VALUE>uint32</VALUE>
    </QUALIFIER>
    <VALUE>5</VALUE>
  </PROPERTY>
  <PROPERTY NAME="ForcedDisconnectEnabled" CLASSORIGIN="SMS_PackageBaseclass" TYPE="boolean">
    <QUALIFIER NAME="CIMTYPE" PROPAGATED="true" TYPE="string" TOINSTANCE="true">
      <VALUE>boolean</VALUE>
    </QUALIFIER>
    <VALUE>FALSE</VALUE>
  </PROPERTY>
  <PROPERTY NAME="ForcedDisconnectNumRetries" CLASSORIGIN="SMS_PackageBaseclass" TYPE="uint32">
    <QUALIFIER NAME="CIMTYPE" PROPAGATED="true" TYPE="string" TOINSTANCE="true">
      <VALUE>uint32</VALUE>
    </QUALIFIER>
    <VALUE>2</VALUE>
  </PROPERTY>
  <PROPERTY NAME="HighImpactTaskSequence" CLASSORIGIN="SMS_TaskSequencePackage" TYPE="uint32">
    <QUALIFIER NAME="CIMTYPE" PROPAGATED="true" TYPE="string" TOINSTANCE="true">
      <VALUE>uint32</VALUE>
    </QUALIFIER>
    <VALUE>0</VALUE>
  </PROPERTY>
  <PROPERTY.ARRAY NAME="Icon" CLASSORIGIN="SMS_PackageBaseclass" TYPE="uint8">
    <QUALIFIER NAME="CIMTYPE" PROPAGATED="true" TYPE="string" TOINSTANCE="true">
      <VALUE>uint8</VALUE>
    </QUALIFIER>
  </PROPERTY.ARRAY>
  <PROPERTY NAME="IconSize" CLASSORIGIN="SMS_PackageBaseclass" TYPE="uint32">
    <QUALIFIER NAME="CIMTYPE" PROPAGATED="true" TYPE="string" TOINSTANCE="true">
      <VALUE>uint32</VALUE>
    </QUALIFIER>
    <VALUE>0</VALUE>
  </PROPERTY>
  <PROPERTY NAME="IgnoreAddressSchedule" CLASSORIGIN="SMS_PackageBaseclass" TYPE="boolean">
    <QUALIFIER NAME="CIMTYPE" PROPAGATED="true" TYPE="string" TOINSTANCE="true">
      <VALUE>boolean</VALUE>
    </QUALIFIER>
    <VALUE>FALSE</VALUE>
  </PROPERTY>
  <PROPERTY.ARRAY NAME="ISVData" CLASSORIGIN="SMS_PackageBaseclass" TYPE="uint8">
    <QUALIFIER NAME="CIMTYPE" PROPAGATED="true" TYPE="string" TOINSTANCE="true">
      <VALUE>uint8</VALUE>
    </QUALIFIER>
  </PROPERTY.ARRAY>
  <PROPERTY NAME="ISVDataSize" CLASSORIGIN="SMS_PackageBaseclass" TYPE="uint32">
    <QUALIFIER NAME="CIMTYPE" PROPAGATED="true" TYPE="string" TOINSTANCE="true">
      <VALUE>uint32</VALUE>
    </QUALIFIER>
    <VALUE>0</VALUE>
  </PROPERTY>
  <PROPERTY NAME="IsVersionCompatible" CLASSORIGIN="SMS_PackageBaseclass" PROPAGATED="true" TYPE="boolean">
    <QUALIFIER NAME="CIMTYPE" PROPAGATED="true" TYPE="string" TOINSTANCE="true">
      <VALUE>boolean</VALUE>
    </QUALIFIER>
  </PROPERTY>
  <PROPERTY NAME="ISVString" CLASSORIGIN="SMS_PackageBaseclass" TYPE="string">
    <QUALIFIER NAME="CIMTYPE" PROPAGATED="true" TYPE="string" TOINSTANCE="true">
      <VALUE>string</VALUE>
    </QUALIFIER>
    <VALUE></VALUE>
  </PROPERTY>
  <PROPERTY NAME="Language" CLASSORIGIN="SMS_PackageBaseclass" TYPE="string">
    <QUALIFIER NAME="CIMTYPE" PROPAGATED="true" TYPE="string" TOINSTANCE="true">
      <VALUE>string</VALUE>
    </QUALIFIER>
    <VALUE></VALUE>
  </PROPERTY>
  <PROPERTY NAME="LastRefreshTime" CLASSORIGIN="SMS_PackageBaseclass" TYPE="datetime">
    <QUALIFIER NAME="CIMTYPE" PROPAGATED="true" TYPE="string" TOINSTANCE="true">
      <VALUE>datetime</VALUE>
    </QUALIFIER>
    <VALUE>20211022120209.000000+000</VALUE>
  </PROPERTY>
  <PROPERTY.ARRAY NAME="LocalizedCategoryInstanceNames" CLASSORIGIN="SMS_PackageBaseclass" PROPAGATED="true" TYPE="string">
    <QUALIFIER NAME="CIMTYPE" PROPAGATED="true" TYPE="string" TOINSTANCE="true">
      <VALUE>string</VALUE>
    </QUALIFIER>
  </PROPERTY.ARRAY>
  <PROPERTY NAME="LocalizedTaskSequenceDescription" CLASSORIGIN="SMS_TaskSequencePackage" TYPE="string">
    <QUALIFIER NAME="CIMTYPE" PROPAGATED="true" TYPE="string" TOINSTANCE="true">
      <VALUE>string</VALUE>
    </QUALIFIER>
    <VALUE></VALUE>
  </PROPERTY>
  <PROPERTY NAME="LocalizedTaskSequenceName" CLASSORIGIN="SMS_TaskSequencePackage" TYPE="string">
    <QUALIFIER NAME="CIMTYPE" PROPAGATED="true" TYPE="string" TOINSTANCE="true">
      <VALUE>string</VALUE>
    </QUALIFIER>
    <VALUE></VALUE>
  </PROPERTY>
  <PROPERTY NAME="Manufacturer" CLASSORIGIN="SMS_PackageBaseclass" TYPE="string">
    <QUALIFIER NAME="CIMTYPE" PROPAGATED="true" TYPE="string" TOINSTANCE="true">
      <VALUE>string</VALUE>
    </QUALIFIER>
    <VALUE></VALUE>
  </PROPERTY>
  <PROPERTY NAME="MIFFilename" CLASSORIGIN="SMS_PackageBaseclass" TYPE="string">
    <QUALIFIER NAME="CIMTYPE" PROPAGATED="true" TYPE="string" TOINSTANCE="true">
      <VALUE>string</VALUE>
    </QUALIFIER>
    <VALUE></VALUE>
  </PROPERTY>
  <PROPERTY NAME="MIFName" CLASSORIGIN="SMS_PackageBaseclass" TYPE="string">
    <QUALIFIER NAME="CIMTYPE" PROPAGATED="true" TYPE="string" TOINSTANCE="true">
      <VALUE>string</VALUE>
    </QUALIFIER>
    <VALUE></VALUE>
  </PROPERTY>
  <PROPERTY NAME="MIFPublisher" CLASSORIGIN="SMS_PackageBaseclass" TYPE="string">
    <QUALIFIER NAME="CIMTYPE" PROPAGATED="true" TYPE="string" TOINSTANCE="true">
      <VALUE>string</VALUE>
    </QUALIFIER>
    <VALUE></VALUE>
  </PROPERTY>
  <PROPERTY NAME="MIFVersion" CLASSORIGIN="SMS_PackageBaseclass" TYPE="string">
    <QUALIFIER NAME="CIMTYPE" PROPAGATED="true" TYPE="string" TOINSTANCE="true">
      <VALUE>string</VALUE>
    </QUALIFIER>
    <VALUE></VALUE>
  </PROPERTY>
  <PROPERTY NAME="Name" CLASSORIGIN="SMS_PackageBaseclass" TYPE="string">
    <QUALIFIER NAME="CIMTYPE" PROPAGATED="true" TYPE="string" TOINSTANCE="true">
      <VALUE>string</VALUE>
    </QUALIFIER>
    <VALUE>Windows Upgrade Compliance Check Template</VALUE>
  </PROPERTY>
  <PROPERTY NAME="NumOfPrograms" CLASSORIGIN="SMS_PackageBaseclass" PROPAGATED="true" TYPE="uint32">
    <QUALIFIER NAME="CIMTYPE" PROPAGATED="true" TYPE="string" TOINSTANCE="true">
      <VALUE>uint32</VALUE>
    </QUALIFIER>
  </PROPERTY>
  <PROPERTY NAME="ObjectPath" CLASSORIGIN="SMS_PackageBaseclass" TYPE="string">
    <QUALIFIER NAME="CIMTYPE" PROPAGATED="true" TYPE="string" TOINSTANCE="true">
      <VALUE>string</VALUE>
    </QUALIFIER>
  </PROPERTY>
  <PROPERTY NAME="PackageID" CLASSORIGIN="SMS_PackageBaseclass" TYPE="string">
    <QUALIFIER NAME="CIMTYPE" PROPAGATED="true" TYPE="string" TOINSTANCE="true">
      <VALUE>string</VALUE>
    </QUALIFIER>
    <QUALIFIER NAME="key" PROPAGATED="true" TYPE="boolean" OVERRIDABLE="false" TOINSTANCE="true">
      <VALUE>TRUE</VALUE>
    </QUALIFIER>
    <VALUE>HB10025F</VALUE>
  </PROPERTY>
  <PROPERTY NAME="PackageSize" CLASSORIGIN="SMS_PackageBaseclass" PROPAGATED="true" TYPE="uint32">
    <QUALIFIER NAME="CIMTYPE" PROPAGATED="true" TYPE="string" TOINSTANCE="true">
      <VALUE>uint32</VALUE>
    </QUALIFIER>
  </PROPERTY>
  <PROPERTY NAME="PackageType" CLASSORIGIN="SMS_PackageBaseclass" TYPE="uint32">
    <QUALIFIER NAME="CIMTYPE" PROPAGATED="true" TYPE="string" TOINSTANCE="true">
      <VALUE>uint32</VALUE>
    </QUALIFIER>
    <VALUE>4</VALUE>
  </PROPERTY>
  <PROPERTY NAME="PkgFlags" CLASSORIGIN="SMS_PackageBaseclass" TYPE="uint32">
    <QUALIFIER NAME="CIMTYPE" PROPAGATED="true" TYPE="string" TOINSTANCE="true">
      <VALUE>uint32</VALUE>
    </QUALIFIER>
    <VALUE>0</VALUE>
  </PROPERTY>
  <PROPERTY NAME="PkgSourceFlag" CLASSORIGIN="SMS_PackageBaseclass" TYPE="uint32">
    <QUALIFIER NAME="CIMTYPE" PROPAGATED="true" TYPE="string" TOINSTANCE="true">
      <VALUE>uint32</VALUE>
    </QUALIFIER>
    <VALUE>1</VALUE>
  </PROPERTY>
  <PROPERTY NAME="PkgSourcePath" CLASSORIGIN="SMS_PackageBaseclass" PROPAGATED="true" TYPE="string">
    <QUALIFIER NAME="CIMTYPE" PROPAGATED="true" TYPE="string" TOINSTANCE="true">
      <VALUE>string</VALUE>
    </QUALIFIER>
    <VALUE></VALUE>
  </PROPERTY>
  <PROPERTY NAME="PreDownloadRule" CLASSORIGIN="SMS_PackageBaseclass" TYPE="string">
    <QUALIFIER NAME="CIMTYPE" PROPAGATED="true" TYPE="string" TOINSTANCE="true">
      <VALUE>string</VALUE>
    </QUALIFIER>
    <VALUE></VALUE>
  </PROPERTY>
  <PROPERTY NAME="PreferredAddressType" CLASSORIGIN="SMS_PackageBaseclass" TYPE="string">
    <QUALIFIER NAME="CIMTYPE" PROPAGATED="true" TYPE="string" TOINSTANCE="true">
      <VALUE>string</VALUE>
    </QUALIFIER>
    <VALUE></VALUE>
  </PROPERTY>
  <PROPERTY NAME="Priority" CLASSORIGIN="SMS_PackageBaseclass" TYPE="uint32">
    <QUALIFIER NAME="CIMTYPE" PROPAGATED="true" TYPE="string" TOINSTANCE="true">
      <VALUE>uint32</VALUE>
    </QUALIFIER>
    <VALUE>2</VALUE>
  </PROPERTY>
  <PROPERTY NAME="ProgramFlags" CLASSORIGIN="SMS_TaskSequencePackage" TYPE="uint32">
    <QUALIFIER NAME="CIMTYPE" PROPAGATED="true" TYPE="string" TOINSTANCE="true">
      <VALUE>uint32</VALUE>
    </QUALIFIER>
    <VALUE>152085520</VALUE>
  </PROPERTY>
  <PROPERTY.OBJECTARRAY NAME="References" CLASSORIGIN="SMS_TaskSequencePackage" REFERENCECLASS="SMS_TaskSequence_Reference">
    <QUALIFIER NAME="CIMTYPE" PROPAGATED="true" TYPE="string" TOINSTANCE="true">
      <VALUE>object:SMS_TaskSequence_Reference</VALUE>
    </QUALIFIER>
    <VALUE.OBJECTARRAY>
      <VALUE.OBJECT>
        <INSTANCE CLASSNAME="SMS_TaskSequence_Reference">
          <PROPERTY NAME="__PATH" CLASSORIGIN="___SYSTEM" TYPE="string"></PROPERTY>
          <PROPERTY NAME="__NAMESPACE" CLASSORIGIN="___SYSTEM" TYPE="string"></PROPERTY>
          <PROPERTY NAME="__SERVER" CLASSORIGIN="___SYSTEM" TYPE="string"></PROPERTY>
          <PROPERTY.ARRAY NAME="__DERIVATION" CLASSORIGIN="___SYSTEM" TYPE="string">
            <VALUE.ARRAY></VALUE.ARRAY>
          </PROPERTY.ARRAY>
          <PROPERTY NAME="__PROPERTY_COUNT" CLASSORIGIN="___SYSTEM" TYPE="sint32">
            <VALUE>3</VALUE>
          </PROPERTY>
          <PROPERTY NAME="__RELPATH" CLASSORIGIN="___SYSTEM" TYPE="string"></PROPERTY>
          <PROPERTY NAME="__DYNASTY" CLASSORIGIN="___SYSTEM" TYPE="string">
            <VALUE>SMS_TaskSequence_Reference</VALUE>
          </PROPERTY>
          <PROPERTY NAME="__SUPERCLASS" CLASSORIGIN="___SYSTEM" TYPE="string"></PROPERTY>
          <PROPERTY NAME="__CLASS" CLASSORIGIN="___SYSTEM" TYPE="string">
            <VALUE>SMS_TaskSequence_Reference</VALUE>
          </PROPERTY>
          <PROPERTY NAME="__GENUS" CLASSORIGIN="___SYSTEM" TYPE="sint32">
            <VALUE>2</VALUE>
          </PROPERTY>
          <PROPERTY NAME="Package" CLASSORIGIN="SMS_TaskSequence_Reference" TYPE="string">
            <QUALIFIER NAME="CIMTYPE" PROPAGATED="true" TYPE="string" TOINSTANCE="true">
              <VALUE>string</VALUE>
            </QUALIFIER>
            <VALUE>HB100106</VALUE>
          </PROPERTY>
          <PROPERTY NAME="Program" CLASSORIGIN="SMS_TaskSequence_Reference" TYPE="string">
            <QUALIFIER NAME="CIMTYPE" PROPAGATED="true" TYPE="string" TOINSTANCE="true">
              <VALUE>string</VALUE>
            </QUALIFIER>
            <VALUE>*</VALUE>
          </PROPERTY>
          <PROPERTY NAME="Type" CLASSORIGIN="SMS_TaskSequence_Reference" TYPE="uint32">
            <QUALIFIER NAME="CIMTYPE" PROPAGATED="true" TYPE="string" TOINSTANCE="true">
              <VALUE>uint32</VALUE>
            </QUALIFIER>
            <VALUE>0</VALUE>
          </PROPERTY>
        </INSTANCE>
      </VALUE.OBJECT>
      <VALUE.OBJECT>
        <INSTANCE CLASSNAME="SMS_TaskSequence_Reference">
          <PROPERTY NAME="__PATH" CLASSORIGIN="___SYSTEM" TYPE="string"></PROPERTY>
          <PROPERTY NAME="__NAMESPACE" CLASSORIGIN="___SYSTEM" TYPE="string"></PROPERTY>
          <PROPERTY NAME="__SERVER" CLASSORIGIN="___SYSTEM" TYPE="string"></PROPERTY>
          <PROPERTY.ARRAY NAME="__DERIVATION" CLASSORIGIN="___SYSTEM" TYPE="string">
            <VALUE.ARRAY></VALUE.ARRAY>
          </PROPERTY.ARRAY>
          <PROPERTY NAME="__PROPERTY_COUNT" CLASSORIGIN="___SYSTEM" TYPE="sint32">
            <VALUE>3</VALUE>
          </PROPERTY>
          <PROPERTY NAME="__RELPATH" CLASSORIGIN="___SYSTEM" TYPE="string"></PROPERTY>
          <PROPERTY NAME="__DYNASTY" CLASSORIGIN="___SYSTEM" TYPE="string">
            <VALUE>SMS_TaskSequence_Reference</VALUE>
          </PROPERTY>
          <PROPERTY NAME="__SUPERCLASS" CLASSORIGIN="___SYSTEM" TYPE="string"></PROPERTY>
          <PROPERTY NAME="__CLASS" CLASSORIGIN="___SYSTEM" TYPE="string">
            <VALUE>SMS_TaskSequence_Reference</VALUE>
          </PROPERTY>
          <PROPERTY NAME="__GENUS" CLASSORIGIN="___SYSTEM" TYPE="sint32">
            <VALUE>2</VALUE>
          </PROPERTY>
          <PROPERTY NAME="Package" CLASSORIGIN="SMS_TaskSequence_Reference" TYPE="string">
            <QUALIFIER NAME="CIMTYPE" PROPAGATED="true" TYPE="string" TOINSTANCE="true">
              <VALUE>string</VALUE>
            </QUALIFIER>
            <VALUE>HB1001E3</VALUE>
          </PROPERTY>
          <PROPERTY NAME="Program" CLASSORIGIN="SMS_TaskSequence_Reference" TYPE="string">
            <QUALIFIER NAME="CIMTYPE" PROPAGATED="true" TYPE="string" TOINSTANCE="true">
              <VALUE>string</VALUE>
            </QUALIFIER>
            <VALUE>*</VALUE>
          </PROPERTY>
          <PROPERTY NAME="Type" CLASSORIGIN="SMS_TaskSequence_Reference" TYPE="uint32">
            <QUALIFIER NAME="CIMTYPE" PROPAGATED="true" TYPE="string" TOINSTANCE="true">
              <VALUE>uint32</VALUE>
            </QUALIFIER>
            <VALUE>0</VALUE>
          </PROPERTY>
        </INSTANCE>
      </VALUE.OBJECT>
    </VALUE.OBJECTARRAY>
  </PROPERTY.OBJECTARRAY>
  <PROPERTY NAME="ReferencesCount" CLASSORIGIN="SMS_TaskSequencePackage" TYPE="uint32">
    <QUALIFIER NAME="CIMTYPE" PROPAGATED="true" TYPE="string" TOINSTANCE="true">
      <VALUE>uint32</VALUE>
    </QUALIFIER>
    <VALUE>0</VALUE>
  </PROPERTY>
  <PROPERTY NAME="RefreshPkgSourceFlag" CLASSORIGIN="SMS_PackageBaseclass" TYPE="boolean">
    <QUALIFIER NAME="CIMTYPE" PROPAGATED="true" TYPE="string" TOINSTANCE="true">
      <VALUE>boolean</VALUE>
    </QUALIFIER>
    <VALUE>FALSE</VALUE>
  </PROPERTY>
  <PROPERTY.OBJECTARRAY NAME="RefreshSchedule" CLASSORIGIN="SMS_PackageBaseclass" REFERENCECLASS="SMS_ScheduleToken">
    <QUALIFIER NAME="CIMTYPE" PROPAGATED="true" TYPE="string" TOINSTANCE="true">
      <VALUE>object:SMS_ScheduleToken</VALUE>
    </QUALIFIER>
  </PROPERTY.OBJECTARRAY>
  <PROPERTY NAME="Reserved" CLASSORIGIN="SMS_TaskSequencePackage" TYPE="string">
    <QUALIFIER NAME="CIMTYPE" PROPAGATED="true" TYPE="string" TOINSTANCE="true">
      <VALUE>string</VALUE>
    </QUALIFIER>
  </PROPERTY>
  <PROPERTY NAME="RestartRequired" CLASSORIGIN="SMS_TaskSequencePackage" TYPE="uint32">
    <QUALIFIER NAME="CIMTYPE" PROPAGATED="true" TYPE="string" TOINSTANCE="true">
      <VALUE>uint32</VALUE>
    </QUALIFIER>
    <VALUE>1</VALUE>
  </PROPERTY>
  <PROPERTY.ARRAY NAME="SecuredScopeNames" CLASSORIGIN="SMS_PackageBaseclass" TYPE="string">
    <QUALIFIER NAME="CIMTYPE" PROPAGATED="true" TYPE="string" TOINSTANCE="true">
      <VALUE>string</VALUE>
    </QUALIFIER>
    <VALUE.ARRAY>
      <VALUE>Default</VALUE>
    </VALUE.ARRAY>
  </PROPERTY.ARRAY>
  <PROPERTY NAME="SedoObjectVersion" CLASSORIGIN="SMS_PackageBaseclass" TYPE="string">
    <QUALIFIER NAME="CIMTYPE" PROPAGATED="true" TYPE="string" TOINSTANCE="true">
      <VALUE>string</VALUE>
    </QUALIFIER>
    <VALUE>237B101F-E5D0-408F-A53F-6D095A3DA15F</VALUE>
  </PROPERTY>
  <PROPERTY NAME="Sequence" CLASSORIGIN="SMS_TaskSequencePackage" TYPE="string">
    <QUALIFIER NAME="CIMTYPE" PROPAGATED="true" TYPE="string" TOINSTANCE="true">
      <VALUE>string</VALUE>
    </QUALIFIER>
    <VALUE><![CDATA[<sequence version="3.10"><referenceList><reference package="HB1001E3"/><reference package="HB100106"/></referenceList><group name="Initialize" description=""><step type="SMS_TaskSequence_SetVariableAction" name="TaskSequenceVer" description="Version to be written in log file. 5.7: Classic driver handling (split TS per model to reduce data to download), 5.8: Dynamic driver handling (requires pre-reqs on server), 5.9 Dynamic driver handling + custom upgrade image" runIn="WinPEandFullOS" successCodeList="0" retryCount="0" runFromNet="false"><action>tsenv.exe "TaskSequenceVer=6.22" /hiddenflag:False</action><defaultVarList><variable name="DoNotShowVariableValue" property="DoNotShowVariableValue" hidden="true">false</variable><variable name="VariableName" property="VariableName" hidden="true">TaskSequenceVer</variable><variable name="VariableValue" property="VariableValue" hidden="true">6.22</variable></defaultVarList></step><step type="SMS_TaskSequence_SetVariableAction" name="TSDisableProgressUI" description="" runIn="WinPEandFullOS" successCodeList="0" retryCount="0" runFromNet="false"><action>tsenv.exe "TSDisableProgressUI=True" /hiddenflag:False</action><defaultVarList><variable name="DoNotShowVariableValue" property="DoNotShowVariableValue" hidden="true">false</variable><variable name="VariableName" property="VariableName" hidden="true">TSDisableProgressUI</variable><variable name="VariableValue" property="VariableValue" hidden="true">True</variable></defaultVarList></step><step type="SMS_TaskSequence_SetVariableAction" name="Log Server" description="The Log share must be named Logs$, full permission on share for everyone, full permission for local user  in varibale OSDLogUser&quot; with PW in variable OSDLogUserPassword" runIn="WinPEandFullOS" successCodeList="0" retryCount="0" runFromNet="false"><action>tsenv.exe "OSDLogServer=cygate-dpsth.domain.root" /hiddenflag:False</action><defaultVarList><variable name="DoNotShowVariableValue" property="DoNotShowVariableValue" hidden="true">false</variable><variable name="VariableName" property="VariableName" hidden="true">OSDLogServer</variable><variable name="VariableValue" property="VariableValue" hidden="true">cygate-dpsth.domain.root</variable></defaultVarList></step><step type="SMS_TaskSequence_SetVariableAction" name="Log User" description="The Log share must be named Logs$, full permission on share for everyone, full permission for local user  in varibale OSDLogUser&quot; with PW in variable OSDLogUserPassword" runIn="WinPEandFullOS" successCodeList="0" retryCount="0" runFromNet="false"><action>tsenv.exe "OSDLogUser=LogUser" /hiddenflag:False</action><defaultVarList><variable name="DoNotShowVariableValue" property="DoNotShowVariableValue" hidden="true">false</variable><variable name="VariableName" property="VariableName" hidden="true">OSDLogUser</variable><variable name="VariableValue" property="VariableValue" hidden="true">LogUser</variable></defaultVarList></step><step type="SMS_TaskSequence_SetVariableAction" name="Log User Password" description="The Log share must be named Logs$, full permission on share for everyone, full permission for local user  in varibale OSDLogUser&quot; with PW in variable OSDLogUserPassword" runIn="WinPEandFullOS" successCodeList="0" retryCount="0" runFromNet="false"><action>tsenv.exe "OSDLogUserPassword=P@ssw0rd" /hiddenflag:False</action><defaultVarList><variable name="DoNotShowVariableValue" property="DoNotShowVariableValue" hidden="true">false</variable><variable name="VariableName" property="VariableName" hidden="true">OSDLogUserPassword</variable><variable name="VariableValue" property="VariableValue" hidden="true">P@ssw0rd</variable></defaultVarList></step><step type="SMS_TaskSequence_DownloadPackageContentAction" name="Download Upgrade Image" description="" runIn="WinPEandFullOS" successCodeList="0" retryCount="0" runFromNet="false"><action>OsdDownloadContent.exe </action><defaultVarList><variable name="OSDDownloadContinueDownloadOnError" property="ContinueDownloadOnError">true</variable><variable name="OSDDownloadDestinationPath" property="DestinationCustomPath">C:\OSUpgradeImage</variable><variable name="OSDDownloadDestinationLocationType" property="DestinationLocationType">Custom</variable><variable name="OSDDownloadDestinationVariable" property="DestinationVariable"></variable><variable name="OSDDownloadDownloadPackages" property="DownloadPackages"></variable><variable name="OSDPackageCount" property="NumPackages">1</variable><variable name="OSDPackage" property="PackageInfo" hidden="true">1</variable><variable name="OSDPackage0Name" property="PackageInfo0Name">OS Upgrade Package</variable><variable name="OSDPackage0PackageId" property="PackageInfo0PackageId">C0100508</variable><variable name="OSDPackage0PkgType" property="PackageInfo0PkgType">0</variable><variable name="OSDPackage0Size" property="PackageInfo0Size">0</variable></defaultVarList></step><step type="SMS_TaskSequence_RunPowerShellScriptAction" name="InPlaceUpgrade-GetOSBuild" description="" continueOnError="true" runIn="WinPEandFullOS" successCodeList="0" retryCount="0" runFromNet="false"><action>OSDRunPowerShellScript.exe</action><defaultVarList><variable name="OSDRunPowerShellScriptExecutionPolicy" property="ExecutionPolicy">Bypass</variable><variable name="OSDRunPowerShellScriptOutputVariableName" property="OutputVariableName"></variable><variable name="OSDRunPowerShellScriptPackageID" property="PackageID">HB1001E3</variable><variable name="OSDRunPowerShellScriptParameters" property="Parameters"></variable><variable name="_SMSTSRunPowerShellAsUser" property="RunAsUser">false</variable><variable name="OSDRunPowerShellScriptScriptName" property="ScriptName">Script\Windows10Upgrade\InPlaceUpgrade-GetOSBuild.ps1</variable><variable name="OSDRunPowerShellScriptSuccessCodes" property="SuccessCodes" hidden="true">0</variable></defaultVarList></step><step type="SMS_TaskSequence_RunPowerShellScriptAction" name="InPlaceUpgrade-ComplianceCheck.ps1" description="" runIn="WinPEandFullOS" successCodeList="0" retryCount="0" runFromNet="false"><action>OSDRunPowerShellScript.exe</action><defaultVarList><variable name="OSDRunPowerShellScriptExecutionPolicy" property="ExecutionPolicy">Bypass</variable><variable name="OSDRunPowerShellScriptOutputVariableName" property="OutputVariableName"></variable><variable name="OSDRunPowerShellScriptPackageID" property="PackageID">HB1001E3</variable><variable name="OSDRunPowerShellScriptParameters" property="Parameters"></variable><variable name="_SMSTSRunPowerShellAsUser" property="RunAsUser">false</variable><variable name="OSDRunPowerShellScriptScriptName" property="ScriptName">Script\Windows10Upgrade\InPlaceUpgrade-ComplianceCheck.ps1</variable><variable name="OSDRunPowerShellScriptSuccessCodes" property="SuccessCodes" hidden="true">0</variable></defaultVarList></step><step type="SMS_TaskSequence_RunPowerShellScriptAction" name="InPlaceUpgrade-CopyLogs" description="" runIn="WinPEandFullOS" successCodeList="0" retryCount="0" runFromNet="false"><action>OSDRunPowerShellScript.exe</action><defaultVarList><variable name="OSDRunPowerShellScriptExecutionPolicy" property="ExecutionPolicy">Bypass</variable><variable name="OSDRunPowerShellScriptOutputVariableName" property="OutputVariableName"></variable><variable name="OSDRunPowerShellScriptPackageID" property="PackageID">HB100106</variable><variable name="OSDRunPowerShellScriptParameters" property="Parameters"></variable><variable name="_SMSTSRunPowerShellAsUser" property="RunAsUser">false</variable><variable name="OSDRunPowerShellScriptScriptName" property="ScriptName">Script\Windows10Upgrade\InPlaceUpgrade-CopyLogs.ps1</variable><variable name="OSDRunPowerShellScriptSuccessCodes" property="SuccessCodes" hidden="true">0</variable></defaultVarList></step></group></sequence>
]]></VALUE>
  </PROPERTY>
  <PROPERTY NAME="ShareName" CLASSORIGIN="SMS_PackageBaseclass" TYPE="string">
    <QUALIFIER NAME="CIMTYPE" PROPAGATED="true" TYPE="string" TOINSTANCE="true">
      <VALUE>string</VALUE>
    </QUALIFIER>
    <VALUE></VALUE>
  </PROPERTY>
  <PROPERTY NAME="ShareType" CLASSORIGIN="SMS_PackageBaseclass" TYPE="uint32">
    <QUALIFIER NAME="CIMTYPE" PROPAGATED="true" TYPE="string" TOINSTANCE="true">
      <VALUE>uint32</VALUE>
    </QUALIFIER>
    <VALUE>1</VALUE>
  </PROPERTY>
  <PROPERTY NAME="SourceDate" CLASSORIGIN="SMS_PackageBaseclass" TYPE="datetime">
    <QUALIFIER NAME="CIMTYPE" PROPAGATED="true" TYPE="string" TOINSTANCE="true">
      <VALUE>datetime</VALUE>
    </QUALIFIER>
    <VALUE>20211022115844.000000+000</VALUE>
  </PROPERTY>
  <PROPERTY NAME="SourceSite" CLASSORIGIN="SMS_PackageBaseclass" TYPE="string">
    <QUALIFIER NAME="CIMTYPE" PROPAGATED="true" TYPE="string" TOINSTANCE="true">
      <VALUE>string</VALUE>
    </QUALIFIER>
    <VALUE>HB1</VALUE>
  </PROPERTY>
  <PROPERTY NAME="SourceSize" CLASSORIGIN="SMS_TaskSequencePackage" TYPE="uint32">
    <QUALIFIER NAME="CIMTYPE" PROPAGATED="true" TYPE="string" TOINSTANCE="true">
      <VALUE>uint32</VALUE>
    </QUALIFIER>
    <VALUE>8</VALUE>
  </PROPERTY>
  <PROPERTY NAME="SourceVersion" CLASSORIGIN="SMS_PackageBaseclass" TYPE="uint32">
    <QUALIFIER NAME="CIMTYPE" PROPAGATED="true" TYPE="string" TOINSTANCE="true">
      <VALUE>uint32</VALUE>
    </QUALIFIER>
    <VALUE>1</VALUE>
  </PROPERTY>
  <PROPERTY NAME="StoredPkgPath" CLASSORIGIN="SMS_PackageBaseclass" TYPE="string">
    <QUALIFIER NAME="CIMTYPE" PROPAGATED="true" TYPE="string" TOINSTANCE="true">
      <VALUE>string</VALUE>
    </QUALIFIER>
    <VALUE></VALUE>
  </PROPERTY>
  <PROPERTY NAME="StoredPkgVersion" CLASSORIGIN="SMS_PackageBaseclass" TYPE="uint32">
    <QUALIFIER NAME="CIMTYPE" PROPAGATED="true" TYPE="string" TOINSTANCE="true">
      <VALUE>uint32</VALUE>
    </QUALIFIER>
    <VALUE>1</VALUE>
  </PROPERTY>
  <PROPERTY.OBJECTARRAY NAME="SupportedOperatingSystems" CLASSORIGIN="SMS_TaskSequencePackage" REFERENCECLASS="SMS_OS_Details">
    <QUALIFIER NAME="CIMTYPE" PROPAGATED="true" TYPE="string" TOINSTANCE="true">
      <VALUE>object:SMS_OS_Details</VALUE>
    </QUALIFIER>
    <VALUE.OBJECTARRAY></VALUE.OBJECTARRAY>
  </PROPERTY.OBJECTARRAY>
  <PROPERTY NAME="TaskSequenceFlags" CLASSORIGIN="SMS_TaskSequencePackage" TYPE="uint32">
    <QUALIFIER NAME="CIMTYPE" PROPAGATED="true" TYPE="string" TOINSTANCE="true">
      <VALUE>uint32</VALUE>
    </QUALIFIER>
    <VALUE>0</VALUE>
  </PROPERTY>
  <PROPERTY NAME="TsEnabled" CLASSORIGIN="SMS_TaskSequencePackage" TYPE="boolean">
    <QUALIFIER NAME="CIMTYPE" PROPAGATED="true" TYPE="string" TOINSTANCE="true">
      <VALUE>boolean</VALUE>
    </QUALIFIER>
    <VALUE>TRUE</VALUE>
  </PROPERTY>
  <PROPERTY NAME="Type" CLASSORIGIN="SMS_TaskSequencePackage" TYPE="uint32">
    <QUALIFIER NAME="CIMTYPE" PROPAGATED="true" TYPE="string" TOINSTANCE="true">
      <VALUE>uint32</VALUE>
    </QUALIFIER>
    <VALUE>1</VALUE>
  </PROPERTY>
  <PROPERTY NAME="Version" CLASSORIGIN="SMS_PackageBaseclass" TYPE="string">
    <QUALIFIER NAME="CIMTYPE" PROPAGATED="true" TYPE="string" TOINSTANCE="true">
      <VALUE>string</VALUE>
    </QUALIFIER>
    <VALUE></VALUE>
  </PROPERTY>
</INSTANCE>