﻿<?xml version="1.0" encoding="utf-8"?>
<brandingConfig>
  <styles>
    /*Menu customization colors*/
    <style name="display-header">block</style>
    <style name="display-header-icon">block</style>
    <style name="display-footer">block</style>
  

    /*common*/
    <style name="ux-border-radius">0</style>
    <style name="ux-background-color">#f5f5f5</style>
    <style name="ux-border-color">#e0e0e0</style>
    <style name="ux-disabled-background-color">#f5f5f5</style>
    <style name="ux-theme-color">#0093B2</style>
    <style name="ux-theme-hover-color">#33a9c1</style>

    /*bootstrap specific variables*/
    <style name="ux-brand-success">#4BAE4F</style>
    <style name="ux-brand-warning">#ffd140</style>
    <style name="ux-brand-danger">#F44336</style>

    /*font*/
    <style name="ux-font-family">'Segoe UI', Tahoma, Geneva, Verdana, sans-serif</style>
    <style name="ux-font-color">#333333</style>
    <style name="ux-disabled-font-color">#b5b5b5</style>

    /*button*/
    <style name="ux-disabled-button-text-color">#b5b5b5</style>
    <style name="ux-disabled-border-color">#e0e0e0</style>
    <style name="ux-btn-primary-color">#4BAE4F</style>
    <style name="ux-btn-primary-text-color">#ffffff</style>
    <style name="ux-btn-primary-hover-color">#6fbe72</style>
    <style name="ux-btn-primary-press-color">#38823B</style>
    <style name="ux-btn-primary-2-color">#0093B2</style>
    <style name="ux-btn-primary-2-hover-color">#33a9c1</style>
    <style name="ux-btn-primary-2-press-color">#006e85</style>
    <style name="ux-btn-default-background-color">#ffffff</style>
    <style name="ux-btn-default-color">#0093B2</style>
    <style name="ux-btn-default-text-color">@ux-font-color</style>
    <style name="ux-btn-default-hover-color">#33a9c1</style>
    <style name="ux-btn-default-press-text-color">#ffffff</style>
    <style name="ux-btn-danger-color">#F44336</style>
    <style name="ux-btn-danger-hover-color">#f6695e</style>
    <style name="ux-btn-danger-press-color">#b73229</style>
    <style name="ux-disabled-icon-background-color">#fafafa</style>

    /*tab*/
    <style name="ux-primary-tab-font-color">@ux-theme-color</style>
    <style name="ux-primary-tab-border-color">@ux-theme-color</style>
    <style name="ux-primary-tab-background-color">#ffffff</style>
    <style name="ux-primary-tab-border-hover-color">#33a9c1</style>
    <style name="ux-primary-tab-font-hover-color">@ux-theme-hover-color</style>
    <style name="ux-primary-tab-active-font-color">#ffffff</style>
    <style name="ux-primary-tab-active-color">@ux-theme-color</style>
    <style name="ux-secondary-tab-border-color">#e0e0e0</style>
    <style name="ux-secondary-tab-hover-border-color">#b5b5b5</style>
    <style name="ux-secondary-tab-active-border-color">#FF7700</style>

    /*callout*/
    <style name="ux-callout-warning-color">#ffd140</style>
    <style name="ux-callout-notification-color">#0093B2</style>
    <style name="ux-callout-error-color">#F44336</style>

    /*form*/
    <style name="ux-form-background-color">#ffffff</style>

    /*wizard*/
    <style name="ux-wizard-tab-able-font-color">#38823B</style>
    <style name="ux-wizard-tab-able-border-color">@ux-theme-color</style>
    <style name="ux-wizard-tab-able-background-color">#ffffff</style>
    <style name="ux-wizard-tab-able-hover-font-color">@ux-theme-hover-color</style>
    <style name="ux-wizard-tab-able-hover-border-color">#33a9c1</style>
    <style name="ux-wizard-tab-font-color">#b5b5b5</style>
    <style name="ux-wizard-tab-border-color">#e0e0e0</style>
    <style name="ux-wizard-tab-background-color">#f5f5f5</style>

    /* Dashbaord */
    <style name="ux-tile-header-background-color">#68A611</style>
    <style name="ux-tile-header-text-color">#ffffff</style>
    <style name="ux-tile-header-icon-color">#ffffff</style>
    <style name="ux-tile-settings-icon-color">#ffffff</style>
    <!--<style name="afd-tile-header-color">#68A611</style>-->

    /* Ux Spinner */
    <style name="afux-spinner-color">#8acef6</style>

  </styles>
  <resources>

    /*Common string resources*/

    <resource name="CustomerLogoFilename" culture="en">CustomerLogo.jpg</resource>
    <resource name="CustomerLogoFilename" culture="sv">CustomerLogo.jpg</resource>
    <resource name="CustomerLogoFilename" culture="nb">CustomerLogo.jpg</resource>
    <resource name="CustomerLogoFilename" culture="fi">CustomerLogo.jpg</resource>
    <resource name="CustomerLogoFilename" culture="da">CustomerLogo.jpg</resource>

    /*Menu string resources*/

    <resource name="PageTitle" culture="en">Menu</resource>

    <resource name="LinkText" culture="en">Online</resource>
    <resource name="LinkText" culture="sv">Online</resource>
    <resource name="LinkText" culture="nb">Online</resource>
    <resource name="LinkText" culture="fi">Online</resource>
    <resource name="LinkText" culture="da">Online</resource>

    <resource name="LinkUrl" culture="en"></resource>
    <resource name="LinkUrl" culture="sv"></resource>
    <resource name="LinkUrl" culture="nb"></resource>
    <resource name="LinkUrl" culture="fi"></resource>
    <resource name="LinkUrl" culture="da"></resource>


    <resource name="Copyright" culture="en">Copyright © {0}. All rights reserved.</resource>
    <resource name="Copyright" culture="sv">Copyright © {0}. Alla rättigheter reserverade.</resource>
    <resource name="Copyright" culture="nb">Copyright © {0}. All rights reserved.</resource>
    <resource name="Copyright" culture="fi">Copyright © {0}. Kaikki oikeudet pidätetään.</resource>
    <resource name="Copyright" culture="da">Copyright © {0}. Alle rettigheder forbeholdes.</resource>

    <resource name="CopyrightLegal" culture="en">This program is protected by Swedish and international copyright laws and international treaties. Usage rights may not be transferred, leased or be made available in any other way for users other than those licensed.</resource>
    <resource name="CopyrightLegal" culture="sv">Detta program är skyddat av svensk och internationell upphovsrättslagstiftning, samt internationella konventioner. Nyttjanderätten får ej överlåtas, uthyras, utlånas eller på annat sätt göras tillgänglig för andra användare än de licenserade.</resource>
    <resource name="CopyrightLegal" culture="nb">Dette programmet er beskyttet av svensk og internasjonal opphavsrettslig lovgivning og internasjonale konvensjoner. Bruksretten skal ikke overdras, leies ut, lånes ut eller på annen måte gjøres tilgjengelig for andre brukere enn de som har lisens.</resource>
    <resource name="CopyrightLegal" culture="fi">Tätä ohjelmaa suojaavat Suomen ja kansainvälinen tekijänoikeuslainsäädäntö, sekä kansainväliset sopimukset. Käyttöoikeutta ei saa siirtää, vuokrata, lainata tai muulla tavoin saattaa muiden kuin lisenssin omaavien käyttäjien saataville.</resource>
    <resource name="CopyrightLegal" culture="da">Dette program er beskyttet af svenske og internationale ophavsretlige love og internationale traktater. Brugsrettigheder kan ikke overdrages, leases eller gøres tilgængelig på anden måde for andre brugere endde der har licensen.</resource>

    /*Logon Admin string resources*/
    <resource name="DefaultTranslationPageTitle" culture="en">Logon</resource>
    <resource name="DefaultTranslationPageTitle" culture="sv">Login</resource>
    <resource name="DefaultTranslationPageTitle" culture="nb">Innlogging</resource>
    <resource name="DefaultTranslationPageTitle" culture="fi">Sisäänkirjautuminen</resource>
    <resource name="DefaultTranslationPageTitle" culture="da">Logon</resource>

    <resource name="DefaultTranslationUsernamePlaceholder" culture="en">Username</resource>
    <resource name="DefaultTranslationUsernamePlaceholder" culture="sv">Användarnamn</resource>
    <resource name="DefaultTranslationUsernamePlaceholder" culture="nb">Brukernavn</resource>
    <resource name="DefaultTranslationUsernamePlaceholder" culture="fi">Käyttäjän nimi</resource>
    <resource name="DefaultTranslationUsernamePlaceholder" culture="da">Brugernavn</resource>

    <resource name="DefaultTranslationInstructionSummary" culture="en">If you have forgotten or need to create a password, you can click on the link below</resource>
    <resource name="DefaultTranslationInstructionSummary" culture="sv">Om du glömt eller behöver skapa ett lösenord kan du klicka på länken nedan</resource>
    <resource name="DefaultTranslationInstructionSummary" culture="nb">Hvis du har glemt eller trenger å få opprettet et nytt passord, kan du klikke på lenken nedenfor</resource>
    <resource name="DefaultTranslationInstructionSummary" culture="fi">Jos olet unohtanut salasanasi tai sinun pitää luoda uusi, klikkaa allaolevaa linkkiä</resource>
    <resource name="DefaultTranslationInstructionSummary" culture="da">Hvis du har glemt eller har brug for at oprette en adgangskode, kan du klikke på nedenstående link</resource>

  </resources>
</brandingConfig>