<Backups xmlns="http://www.microsoft.com/GroupPolicy/GPOOperations/Manifest" xmlns:mfst="http://www.microsoft.com/GroupPolicy/GPOOperations/Manifest" mfst:version="1.0"><BackupInst><GPOGuid><![CDATA[{D506D60F-6DDC-4739-821B-F8C71DC67B39}]]></GPOGuid><GPODomain><![CDATA[corp.viamonstra.com]]></GPODomain><GPODomainGuid><![CDATA[{4d5ff235-06c6-4d3e-b682-67af4c415291}]]></GPODomainGuid><GPODomainController><![CDATA[DC01.corp.viamonstra.com]]></GPODomainController><BackupTime><![CDATA[2023-04-19T18:27:39]]></BackupTime><ID><![CDATA[{92D8021D-0566-48A9-BEBE-A94A3386C190}]]></ID><Comment><![CDATA[FW Rules]]></Comment><GPODisplayName><![CDATA[MECM Client FW rules]]></GPODisplayName></BackupInst><BackupInst><GPOGuid><![CDATA[{97920916-6AD4-471D-8B5D-C75E497F73D1}]]></GPOGuid><GPODomain><![CDATA[corp.viamonstra.com]]></GPODomain><GPODomainGuid><![CDATA[{4d5ff235-06c6-4d3e-b682-67af4c415291}]]></GPODomainGuid><GPODomainController><![CDATA[DC01.corp.viamonstra.com]]></GPODomainController><BackupTime><![CDATA[2023-04-19T18:27:19]]></BackupTime><ID><![CDATA[{A1BAA02B-59D8-4511-94D3-5BABCE6B952D}]]></ID><Comment><![CDATA[Push_account]]></Comment><GPODisplayName><![CDATA[MECM Client Push Account]]></GPODisplayName></BackupInst></Backups>