﻿<?xml version="1.0" encoding="UTF-8"?>
<DefaultAssociations>
  <Association Identifier=".3g2" ProgId="WMP11.AssocFile.3G2" ApplicationName="Windows Media Player" />
  <Association Identifier=".3gp" ProgId="WMP11.AssocFile.3GP" ApplicationName="Windows Media Player" />
  <Association Identifier=".3gp2" ProgId="WMP11.AssocFile.3G2" ApplicationName="Windows Media Player" />
  <Association Identifier=".3gpp" ProgId="WMP11.AssocFile.3GP" ApplicationName="Windows Media Player" />
  <Association Identifier=".aac" ProgId="AppXqj98qxeaynz6dv4459ayz6bnqxbyaqcs" ApplicationName="Groove Music" />
  <Association Identifier=".adt" ProgId="AppXqj98qxeaynz6dv4459ayz6bnqxbyaqcs" ApplicationName="Groove Music" />
  <Association Identifier=".adts" ProgId="AppXqj98qxeaynz6dv4459ayz6bnqxbyaqcs" ApplicationName="Groove Music" />
  <Association Identifier=".amr" ProgId="AppXqj98qxeaynz6dv4459ayz6bnqxbyaqcs" ApplicationName="Groove Music" />
  <Association Identifier=".arw" ProgId="AppX43hnxtbyyps62jhe9sqpdzxn1790zetc" ApplicationName="Photos" />
  <Association Identifier=".asf" ProgId="WMP11.AssocFile.ASF" ApplicationName="Windows Media Player" />
  <Association Identifier=".ASX" ProgId="WMP11.AssocFile.ASX" ApplicationName="Windows Media Player" />
  <Association Identifier=".avi" ProgId="WMP11.AssocFile.AVI" ApplicationName="Windows Media Player" />
  <Association Identifier=".bmp" ProgId="AppX43hnxtbyyps62jhe9sqpdzxn1790zetc" ApplicationName="Photos" />
  <Association Identifier=".cr2" ProgId="AppX43hnxtbyyps62jhe9sqpdzxn1790zetc" ApplicationName="Photos" />
  <Association Identifier=".crw" ProgId="AppX43hnxtbyyps62jhe9sqpdzxn1790zetc" ApplicationName="Photos" />
  <Association Identifier=".dib" ProgId="AppX43hnxtbyyps62jhe9sqpdzxn1790zetc" ApplicationName="Photos" />
  <Association Identifier=".erf" ProgId="AppX43hnxtbyyps62jhe9sqpdzxn1790zetc" ApplicationName="Photos" />
  <Association Identifier=".flac" ProgId="AppXqj98qxeaynz6dv4459ayz6bnqxbyaqcs" ApplicationName="Groove Music" />
  <Association Identifier=".gif" ProgId="AppX43hnxtbyyps62jhe9sqpdzxn1790zetc" ApplicationName="Photos" />
  <Association Identifier=".jfif" ProgId="AppX43hnxtbyyps62jhe9sqpdzxn1790zetc" ApplicationName="Photos" />
  <Association Identifier=".jpe" ProgId="AppX43hnxtbyyps62jhe9sqpdzxn1790zetc" ApplicationName="Photos" />
  <Association Identifier=".jpeg" ProgId="AppX43hnxtbyyps62jhe9sqpdzxn1790zetc" ApplicationName="Photos" />
  <Association Identifier=".jpg" ProgId="AppX43hnxtbyyps62jhe9sqpdzxn1790zetc" ApplicationName="Photos" />
  <Association Identifier=".jxr" ProgId="AppX43hnxtbyyps62jhe9sqpdzxn1790zetc" ApplicationName="Photos" />
  <Association Identifier=".kdc" ProgId="AppX43hnxtbyyps62jhe9sqpdzxn1790zetc" ApplicationName="Photos" />
  <Association Identifier=".M1V" ProgId="WMP11.AssocFile.MPEG" ApplicationName="Windows Media Player" />
  <Association Identifier=".m2t" ProgId="WMP11.AssocFile.M2TS" ApplicationName="Windows Media Player" />
  <Association Identifier=".m2ts" ProgId="WMP11.AssocFile.M2TS" ApplicationName="Windows Media Player" />
  <Association Identifier=".m3u" ProgId="AppXqj98qxeaynz6dv4459ayz6bnqxbyaqcs" ApplicationName="Groove Music" />
  <Association Identifier=".m4a" ProgId="AppXqj98qxeaynz6dv4459ayz6bnqxbyaqcs" ApplicationName="Groove Music" />
  <Association Identifier=".m4r" ProgId="AppXqj98qxeaynz6dv4459ayz6bnqxbyaqcs" ApplicationName="Groove Music" />
  <Association Identifier=".m4v" ProgId="WMP11.AssocFile.MP4" ApplicationName="Windows Media Player" />
  <Association Identifier=".MK3D" ProgId="WMP11.AssocFile.MK3D" ApplicationName="Windows Media Player" />
  <Association Identifier=".mkv" ProgId="WMP11.AssocFile.MKV" ApplicationName="Windows Media Player" />
  <Association Identifier=".mod" ProgId="AppX6eg8h5sxqq90pv53845wmnbewywdqq5h" ApplicationName="Movies &amp; TV" />
  <Association Identifier=".mov" ProgId="WMP11.AssocFile.MOV" ApplicationName="Windows Media Player" />
  <Association Identifier=".MP2" ProgId="WMP11.AssocFile.MP3" ApplicationName="Windows Media Player" />
  <Association Identifier=".MP2V" ProgId="WMP11.AssocFile.MPEG" ApplicationName="Windows Media Player" />
  <Association Identifier=".mp3" ProgId="AppXqj98qxeaynz6dv4459ayz6bnqxbyaqcs" ApplicationName="Groove Music" />
  <Association Identifier=".mp4" ProgId="WMP11.AssocFile.MP4" ApplicationName="Windows Media Player" />
  <Association Identifier=".mp4v" ProgId="WMP11.AssocFile.MP4" ApplicationName="Windows Media Player" />
  <Association Identifier=".mpa" ProgId="WMP11.AssocFile.MPEG" ApplicationName="Windows Media Player" />
  <Association Identifier=".MPE" ProgId="WMP11.AssocFile.MPEG" ApplicationName="Windows Media Player" />
  <Association Identifier=".mpeg" ProgId="WMP11.AssocFile.MPEG" ApplicationName="Windows Media Player" />
  <Association Identifier=".mpg" ProgId="WMP11.AssocFile.MPEG" ApplicationName="Windows Media Player" />
  <Association Identifier=".mpv2" ProgId="WMP11.AssocFile.MPEG" ApplicationName="Windows Media Player" />
  <Association Identifier=".mrw" ProgId="AppX43hnxtbyyps62jhe9sqpdzxn1790zetc" ApplicationName="Photos" />
  <Association Identifier=".mts" ProgId="WMP11.AssocFile.M2TS" ApplicationName="Windows Media Player" />
  <Association Identifier=".nef" ProgId="AppX43hnxtbyyps62jhe9sqpdzxn1790zetc" ApplicationName="Photos" />
  <Association Identifier=".nrw" ProgId="AppX43hnxtbyyps62jhe9sqpdzxn1790zetc" ApplicationName="Photos" />
  <Association Identifier=".orf" ProgId="AppX43hnxtbyyps62jhe9sqpdzxn1790zetc" ApplicationName="Photos" />
  <Association Identifier=".oxps" ProgId="Windows.XPSReachViewer" ApplicationName="Visningsprogrammet för XPS" />
  <Association Identifier=".pef" ProgId="AppX43hnxtbyyps62jhe9sqpdzxn1790zetc" ApplicationName="Photos" />
  <Association Identifier=".png" ProgId="AppX43hnxtbyyps62jhe9sqpdzxn1790zetc" ApplicationName="Photos" />
  <Association Identifier=".raf" ProgId="AppX43hnxtbyyps62jhe9sqpdzxn1790zetc" ApplicationName="Photos" />
  <Association Identifier=".raw" ProgId="AppX43hnxtbyyps62jhe9sqpdzxn1790zetc" ApplicationName="Photos" />
  <Association Identifier=".rw2" ProgId="AppX43hnxtbyyps62jhe9sqpdzxn1790zetc" ApplicationName="Photos" />
  <Association Identifier=".rwl" ProgId="AppX43hnxtbyyps62jhe9sqpdzxn1790zetc" ApplicationName="Photos" />
  <Association Identifier=".sr2" ProgId="AppX43hnxtbyyps62jhe9sqpdzxn1790zetc" ApplicationName="Photos" />
  <Association Identifier=".srw" ProgId="AppX43hnxtbyyps62jhe9sqpdzxn1790zetc" ApplicationName="Photos" />
  <Association Identifier=".tif" ProgId="PhotoViewer.FileAssoc.Tiff" ApplicationName="Windows fotovisare" />
  <Association Identifier=".tiff" ProgId="PhotoViewer.FileAssoc.Tiff" ApplicationName="Windows fotovisare" />
  <Association Identifier=".TS" ProgId="WMP11.AssocFile.TTS" ApplicationName="Windows Media Player" />
  <Association Identifier=".TTS" ProgId="WMP11.AssocFile.TTS" ApplicationName="Windows Media Player" />
  <Association Identifier=".txt" ProgId="txtfile" ApplicationName="Notepad" />
  <Association Identifier=".wav" ProgId="AppXqj98qxeaynz6dv4459ayz6bnqxbyaqcs" ApplicationName="Groove Music" />
  <Association Identifier=".wdp" ProgId="AppX43hnxtbyyps62jhe9sqpdzxn1790zetc" ApplicationName="Photos" />
  <Association Identifier=".wm" ProgId="WMP11.AssocFile.ASF" ApplicationName="Windows Media Player" />
  <Association Identifier=".wma" ProgId="AppXqj98qxeaynz6dv4459ayz6bnqxbyaqcs" ApplicationName="Groove Music" />
  <Association Identifier=".wmv" ProgId="WMP11.AssocFile.WMV" ApplicationName="Windows Media Player" />
  <Association Identifier=".WMX" ProgId="WMP11.AssocFile.ASX" ApplicationName="Windows Media Player" />
  <Association Identifier=".WPL" ProgId="AppXqj98qxeaynz6dv4459ayz6bnqxbyaqcs" ApplicationName="Groove Music" />
  <Association Identifier=".WVX" ProgId="WMP11.AssocFile.WVX" ApplicationName="Windows Media Player" />
  <Association Identifier=".xps" ProgId="Windows.XPSReachViewer" ApplicationName="Visningsprogrammet för XPS" />
  <Association Identifier=".xvid" ProgId="AppX6eg8h5sxqq90pv53845wmnbewywdqq5h" ApplicationName="Movies &amp; TV" />
  <Association Identifier=".zpl" ProgId="AppXqj98qxeaynz6dv4459ayz6bnqxbyaqcs" ApplicationName="Groove Music" />
  <Association Identifier="bingmaps" ProgId="AppXp9gkwccvk6fa6yyfq3tmsk8ws2nprk1p" ApplicationName="Maps" />
  <Association Identifier="mswindowsmusic" ProgId="AppXtggqqtcfspt6ks3fjzyfppwc05yxwtwy" ApplicationName="Groove Music" />
  <Association Identifier="mswindowsvideo" ProgId="AppX6w6n4f8xch1s3vzwf3af6bfe88qhxbza" ApplicationName="Movies &amp; TV" />
  <Association Identifier=".pdf" ProgID="AcroExch.Document.DC" ApplicationName="Adobe Acrobat Reader DC" />
  <Association Identifier=".pdfxml" ProgID="AcroExch.pdfxml" ApplicationName="Adobe Acrobat Reader DC" />
  <Association Identifier=".acrobatsecuritysettings" ProgID="AcroExch.acrobatsecuritysettings" ApplicationName="Adobe Acrobat Reader DC" />
  <Association Identifier=".fdf" ProgID="AcroExch.FDFDoc" ApplicationName="Adobe Acrobat Reader DC" />
  <Association Identifier=".xfdf" ProgID="AcroExch.XFDFDoc" ApplicationName="Adobe Acrobat Reader DC" />
  <Association Identifier=".xdp" ProgID="AcroExch.XDPDoc" ApplicationName="Adobe Acrobat Reader DC" />
  <Association Identifier=".pdx" ProgID="PDXFileType" ApplicationName="Adobe Acrobat Reader DC" />
  <Association Identifier=".api" ProgID="AcroExch.Plugin" ApplicationName="Adobe Acrobat Reader DC" />
  <Association Identifier=".secstore" ProgID="AcroExch.SecStore" ApplicationName="Adobe Acrobat Reader DC" />
  <Association Identifier="mailto" ProgId="Outlook.URL.mailto.15" ApplicationName="Outlook" />
</DefaultAssociations>