<Backups xmlns="http://www.microsoft.com/GroupPolicy/GPOOperations/Manifest" xmlns:mfst="http://www.microsoft.com/GroupPolicy/GPOOperations/Manifest" mfst:version="1.0"><BackupInst><GPOGuid><![CDATA[{54C4A31B-6546-4229-AF1B-D66F75CDC86C}]]></GPOGuid><GPODomain><![CDATA[corp.viamonstra.com]]></GPODomain><GPODomainGuid><![CDATA[{04a96e14-6a71-4f86-9927-3280c47c91e0}]]></GPODomainGuid><GPODomainController><![CDATA[DC01.corp.viamonstra.com]]></GPODomainController><BackupTime><![CDATA[2023-09-27T07:55:37]]></BackupTime><ID><![CDATA[{F4F82421-72D6-4F31-B7C0-ECF4AF61220B}]]></ID><Comment><![CDATA[]]></Comment><GPODisplayName><![CDATA[MEMCM_account]]></GPODisplayName></BackupInst></Backups>