<?xml version="1.0" encoding="utf-8"?><!-- Copyright (c) Microsoft Corporation.  All rights reserved. --><GroupPolicyBackupScheme bkp:version="2.0" bkp:type="GroupPolicyBackupTemplate" xmlns:bkp="http://www.microsoft.com/GroupPolicy/GPOOperations" xmlns="http://www.microsoft.com/GroupPolicy/GPOOperations">
    <GroupPolicyObject><SecurityGroups><Group bkp:Source="FromDACL"><Sid><![CDATA[S-1-5-21-1089748836-2037843502-3626185952-519]]></Sid><SamAccountName><![CDATA[Enterprise Admins]]></SamAccountName><Type><![CDATA[UniversalGroup]]></Type><NetBIOSDomainName><![CDATA[DAMBERG]]></NetBIOSDomainName><DnsDomainName><![CDATA[corp.damberg.org]]></DnsDomainName><UPN><![CDATA[Enterprise Admins@corp.damberg.org]]></UPN></Group><Group bkp:Source="FromDACL"><Sid><![CDATA[S-1-5-21-1089748836-2037843502-3626185952-512]]></Sid><SamAccountName><![CDATA[Domain Admins]]></SamAccountName><Type><![CDATA[GlobalGroup]]></Type><NetBIOSDomainName><![CDATA[DAMBERG]]></NetBIOSDomainName><DnsDomainName><![CDATA[corp.damberg.org]]></DnsDomainName><UPN><![CDATA[Domain Admins@corp.damberg.org]]></UPN></Group></SecurityGroups><FilePaths/><GroupPolicyCoreSettings><ID><![CDATA[{65CEF72E-4EF0-46E3-8940-817AD0A19238}]]></ID><Domain><![CDATA[corp.damberg.org]]></Domain><SecurityDescriptor>01 00 04 9c 00 00 00 00 00 00 00 00 00 00 00 00 14 00 00 00 04 00 ec 00 08 00 00 00 05 02 28 00 00 01 00 00 01 00 00 00 8f fd ac ed b3 ff d1 11 b4 1d 00 a0 c9 68 f9 39 01 01 00 00 00 00 00 05 0b 00 00 00 00 00 24 00 ff 00 0f 00 01 05 00 00 00 00 00 05 15 00 00 00 64 3f f4 40 2e 06 77 79 e0 34 23 d8 00 02 00 00 00 02 24 00 ff 00 0f 00 01 05 00 00 00 00 00 05 15 00 00 00 64 3f f4 40 2e 06 77 79 e0 34 23 d8 00 02 00 00 00 02 24 00 ff 00 0f 00 01 05 00 00 00 00 00 05 15 00 00 00 64 3f f4 40 2e 06 77 79 e0 34 23 d8 07 02 00 00 00 02 14 00 94 00 02 00 01 01 00 00 00 00 00 05 09 00 00 00 00 02 14 00 94 00 02 00 01 01 00 00 00 00 00 05 0b 00 00 00 00 02 14 00 ff 00 0f 00 01 01 00 00 00 00 00 05 12 00 00 00 00 0a 14 00 ff 00 0f 00 01 01 00 00 00 00 00 03 00 00 00 00</SecurityDescriptor><DisplayName><![CDATA[SCCM]]></DisplayName><Options><![CDATA[0]]></Options><UserVersionNumber><![CDATA[0]]></UserVersionNumber><MachineVersionNumber><![CDATA[1572888]]></MachineVersionNumber><MachineExtensionGuids><![CDATA[[{00000000-0000-0000-0000-000000000000}{79F92669-4224-476C-9C5C-6EFB4D87DF4A}][{17D89FEC-5C44-4972-B12D-241CAEF74509}{79F92669-4224-476C-9C5C-6EFB4D87DF4A}][{35378EAC-683F-11D2-A89A-00C04FBBCFA2}{B05566AC-FE9C-4368-BE01-7A4CBB6CBA11}][{827D319E-6EAC-11D2-A4EA-00C04F79F83A}{803E14A0-B4FB-11D0-A0D0-00A0C90F574B}]]]></MachineExtensionGuids><UserExtensionGuids/><WMIFilter/></GroupPolicyCoreSettings> 
        <GroupPolicyExtension bkp:ID="{35378EAC-683F-11D2-A89A-00C04FBBCFA2}" bkp:DescName="Registry">
            <FSObjectFile bkp:Path="%GPO_MACH_FSPATH%\registry.pol" bkp:SourceExpandedPath="\\DC01.corp.damberg.org\sysvol\corp.damberg.org\Policies\{65CEF72E-4EF0-46E3-8940-817AD0A19238}\Machine\registry.pol" bkp:Location="DomainSysvol\GPO\Machine\registry.pol"/>
            
            <FSObjectFile bkp:Path="%GPO_FSPATH%\Adm\*.*" bkp:SourceExpandedPath="\\DC01.corp.damberg.org\sysvol\corp.damberg.org\Policies\{65CEF72E-4EF0-46E3-8940-817AD0A19238}\Adm\*.*"><FSObjectFile bkp:Path="%GPO_FSPATH%\Adm\configmgrinstallation.adm" bkp:SourceExpandedPath="\\DC01.corp.damberg.org\sysvol\corp.damberg.org\Policies\{65CEF72E-4EF0-46E3-8940-817AD0A19238}\Adm\configmgrinstallation.adm" bkp:Location="DomainSysvol\GPO\Adm\configmgrinstallation.adm"/><FSObjectFile bkp:Path="%GPO_FSPATH%\Adm\configmgrassignment.adm" bkp:SourceExpandedPath="\\DC01.corp.damberg.org\sysvol\corp.damberg.org\Policies\{65CEF72E-4EF0-46E3-8940-817AD0A19238}\Adm\configmgrassignment.adm" bkp:Location="DomainSysvol\GPO\Adm\configmgrassignment.adm"/></FSObjectFile>
        </GroupPolicyExtension>
        
        
        
        
        <GroupPolicyExtension bkp:ID="{827D319E-6EAC-11D2-A4EA-00C04F79F83A}" bkp:DescName="Security">
            <FSObjectFile bkp:Path="%GPO_MACH_FSPATH%\microsoft\windows nt\SecEdit\GptTmpl.inf" bkp:SourceExpandedPath="\\DC01.corp.damberg.org\sysvol\corp.damberg.org\Policies\{65CEF72E-4EF0-46E3-8940-817AD0A19238}\Machine\microsoft\windows nt\SecEdit\GptTmpl.inf" bkp:ReEvaluateFunction="SecurityValidateSettings" bkp:Location="DomainSysvol\GPO\Machine\microsoft\windows nt\SecEdit\GptTmpl.inf"/>
        </GroupPolicyExtension>
        
        
        
        
    <GroupPolicyExtension bkp:ID="{F15C46CD-82A0-4C2D-A210-5D0D3182A418}" bkp:DescName="Unknown Extension"><FSObjectDir bkp:Path="%GPO_FSPATH%\Adm" bkp:SourceExpandedPath="\\DC01.corp.damberg.org\sysvol\corp.damberg.org\Policies\{65CEF72E-4EF0-46E3-8940-817AD0A19238}\Adm" bkp:Location="DomainSysvol\GPO\Adm"/><FSObjectDir bkp:Path="%GPO_MACH_FSPATH%\Microsoft" bkp:SourceExpandedPath="\\DC01.corp.damberg.org\sysvol\corp.damberg.org\Policies\{65CEF72E-4EF0-46E3-8940-817AD0A19238}\Machine\Microsoft" bkp:Location="DomainSysvol\GPO\Machine\Microsoft"/><FSObjectDir bkp:Path="%GPO_MACH_FSPATH%\Microsoft\Windows NT" bkp:SourceExpandedPath="\\DC01.corp.damberg.org\sysvol\corp.damberg.org\Policies\{65CEF72E-4EF0-46E3-8940-817AD0A19238}\Machine\Microsoft\Windows NT" bkp:Location="DomainSysvol\GPO\Machine\Microsoft\Windows NT"/><FSObjectDir bkp:Path="%GPO_MACH_FSPATH%\Microsoft\Windows NT\SecEdit" bkp:SourceExpandedPath="\\DC01.corp.damberg.org\sysvol\corp.damberg.org\Policies\{65CEF72E-4EF0-46E3-8940-817AD0A19238}\Machine\Microsoft\Windows NT\SecEdit" bkp:Location="DomainSysvol\GPO\Machine\Microsoft\Windows NT\SecEdit"/><FSObjectDir bkp:Path="%GPO_MACH_FSPATH%\Preferences" bkp:SourceExpandedPath="\\DC01.corp.damberg.org\sysvol\corp.damberg.org\Policies\{65CEF72E-4EF0-46E3-8940-817AD0A19238}\Machine\Preferences" bkp:Location="DomainSysvol\GPO\Machine\Preferences"/><FSObjectDir bkp:Path="%GPO_MACH_FSPATH%\Preferences\Groups" bkp:SourceExpandedPath="\\DC01.corp.damberg.org\sysvol\corp.damberg.org\Policies\{65CEF72E-4EF0-46E3-8940-817AD0A19238}\Machine\Preferences\Groups" bkp:Location="DomainSysvol\GPO\Machine\Preferences\Groups"/><FSObjectFile bkp:Path="%GPO_MACH_FSPATH%\Preferences\Groups\Groups.xml" bkp:SourceExpandedPath="\\DC01.corp.damberg.org\sysvol\corp.damberg.org\Policies\{65CEF72E-4EF0-46E3-8940-817AD0A19238}\Machine\Preferences\Groups\Groups.xml" bkp:Location="DomainSysvol\GPO\Machine\Preferences\Groups\Groups.xml"/><FSObjectDir bkp:Path="%GPO_MACH_FSPATH%\Scripts" bkp:SourceExpandedPath="\\DC01.corp.damberg.org\sysvol\corp.damberg.org\Policies\{65CEF72E-4EF0-46E3-8940-817AD0A19238}\Machine\Scripts" bkp:Location="DomainSysvol\GPO\Machine\Scripts"/><FSObjectDir bkp:Path="%GPO_MACH_FSPATH%\Scripts\Shutdown" bkp:SourceExpandedPath="\\DC01.corp.damberg.org\sysvol\corp.damberg.org\Policies\{65CEF72E-4EF0-46E3-8940-817AD0A19238}\Machine\Scripts\Shutdown" bkp:Location="DomainSysvol\GPO\Machine\Scripts\Shutdown"/><FSObjectDir bkp:Path="%GPO_MACH_FSPATH%\Scripts\Startup" bkp:SourceExpandedPath="\\DC01.corp.damberg.org\sysvol\corp.damberg.org\Policies\{65CEF72E-4EF0-46E3-8940-817AD0A19238}\Machine\Scripts\Startup" bkp:Location="DomainSysvol\GPO\Machine\Scripts\Startup"/></GroupPolicyExtension></GroupPolicyObject>
</GroupPolicyBackupScheme>