<BackupInst xmlns="http://www.microsoft.com/GroupPolicy/GPOOperations/Manifest"><GPOGuid><![CDATA[{65CEF72E-4EF0-46E3-8940-817AD0A19238}]]></GPOGuid><GPODomain><![CDATA[corp.damberg.org]]></GPODomain><GPODomainGuid><![CDATA[{fd6a70e3-b945-497a-8341-2dd382fa804b}]]></GPODomainGuid><GPODomainController><![CDATA[DC01.corp.damberg.org]]></GPODomainController><BackupTime><![CDATA[2024-11-29T14:56:08]]></BackupTime><ID><![CDATA[{7F45C0AB-3FF1-444D-8BBA-59D1E8F1B9A6}]]></ID><Comment><![CDATA[]]></Comment><GPODisplayName><![CDATA[SCCM]]></GPODisplayName></BackupInst>
