<?xml version="1.0" encoding="utf-8"?>
<Applications>
  <System>
    <Parameters></Parameters>
  </System>
  <InstanceCommon>
    <Info>
    </Info>
    <Parameters></Parameters>
    <AppTemplate>
      <AppsInTemplate>NeptuneDBTool</AppsInTemplate>
    </AppTemplate>
    <MultitenantApps>
      <Using>Neptune Core;Neptune Windows Menu;Neptune Message Broker;Currency;Scheduler</Using>
    </MultitenantApps>
  </InstanceCommon>
  <Login>
    <Info>
      <Version>4.1</Version>
      <ApplicationCategory>Visma Window</ApplicationCategory>
    </Info>
    <Parameters></Parameters>
    <Media>
      <MSIPath>Install\ViW\WebServer\Base\Packages\Login 4.1\Web 4.1.0\Login.msi" /qn /l*v</MSIPath>
      <MSICommandLine>"[LogPath]" ACI_SSO_INUSE="[UseSso]" ACI_SSO_METHOD="[SingleSignOnMethod]" APP_BRANDING="Visma" INSTALLDIR="[InstallDir]" INSTANCENAME="[InstanceName]" ACI_NEPTUNE_SCRIPTFILES_FOLDER="[NeptuneScriptfilesFolder]" ACI_PRODUCTNAME="[ProductName] - [InstanceName]" ACI_IIS_SITE="[IISSiteName]" ACI_IIS_SITE_NO="[IISSiteID]" ACI_IIS_SITE_PORT="[IISSiteProtocol]" ACI_IIS_VIRTUALDIR="[InstanceName]" ACI_IIS_CLIENT_PROTOCOL="[IISSiteClientProtocolType]" ACI_IIS_SSL_OFFLOAD="false" ACI_IIS_CLIENT_URL="[ClientURL]/[InstanceName]" ACI_IIS_CERTIFICATE_THUMBPRINT="[VismaWindowCertificate]" ACI_AD_DOMAIN="[LocalComputerName]" ACI_AD_USER="[IISUser]" ACI_AD_PASSWORD="[IISUserPassword]" ACI_FT_DOMAIN="[SecurityServicesUserDomain]" ACI_FT_USER="[SecurityServicesUser]" ACI_FT_PASSWORD="[SecurityServicesUserPassword]" APP_ENCRYPT="[Encryption]" APP_MULTITENANTMODE="[MultitenantMode]" InstanceId="[InstanceID]" TRANSFORMS="[Transforms]" MSINEWINSTANCE="[MSINewInstance]"</MSICommandLine>
    </Media>
    <ActionsBeforeInstall>
      <CreateFolder>
        <Folder1>[RootDrive]Visma\Install\PublicInstaller\Logs\[InstanceName]\Login\4.1</Folder1>
        <Folder2>[RootDrive]Visma\Install\PublicInstaller\VismaWindowImportScripts\[InstanceName]</Folder2>
      </CreateFolder>
      <CreateLocalUser>
        <User1>[InstanceName]_IIS;[InstancePassword]</User1>
      </CreateLocalUser>
    </ActionsBeforeInstall>
    <ActionsAfterInstall>
      <CopyFiles>
        <File1>[RootDrive]Visma\Install\PublicInstaller\Branding\40\Style2\Settings\LoginCustomizationSettings.xml;[InstallDir]\Settings\LoginCustomizationSettings.xml</File1>
        <File2>[RootDrive]Visma\Install\PublicInstaller\Branding\40\Style2\Settings\qch2b1la.png;[InstallDir]\Settings\qch2b1la.png</File2>
        <File3>[RootDrive]Visma\Install\PublicInstaller\Images\Visma.png;[InstallDir]\Admin\Login\Content\Branding\CustomerLogo.jpg</File3>
        <File3>[RootDrive]Visma\Install\PublicInstaller\Images\Visma.png;[InstallDir]\Login\Content\Branding\CustomerLogo.jpg</File3>
        <File4>[RootDrive]Visma\Install\ViW\WebServer\Base\Packages\Common Storage 1.0.0\Package\ConfigurationTool\Templates\CommonStorageTemplate.Logon.NeptuneWithSSO.xml;[RootDrive]Visma\Install\PublicInstaller\Scripts\CommonStorageTemplate.Logon.NeptuneWithSSO.xml</File4>
        <File5>[RootDrive]Visma\Install\PublicInstaller\VismaWindowImportScripts\Templates\Login.xml;[RootDrive]Visma\Install\PublicInstaller\VismaWindowImportScripts\[InstanceName]\Login.xml</File5>
      </CopyFiles>
      <RunNeptuneScript>
        <Script1>[RootDrive]Visma\Install\VIW\WebServer\Base\Configuration\NeptuneConfigTool\ASCC.NeptuneConfig.exe;[RootDrive]Visma\Programs\Neptune\Menu\[InstanceName]\Login;[RootDrive]Visma\Install\PublicInstaller\Logs\[InstanceName]\Login\NeptuneScriptLog.log</Script1>
      </RunNeptuneScript>
      <RunCommonStorageImportScript>
        <Script1>
          <Path>[RootDrive]Visma\Install\PublicInstaller\Scripts\CommonStorageTemplate.Logon.NeptuneWithSSO.xml</Path>
          <SourceParmetersElement>CommonStorage</SourceParmetersElement>
          <ReplaceValues>
            <Value1>[TenantId];[InstanceName]</Value1>
            <Value2>[TenantName];[InstanceName]</Value2>
            <Value3>[NonNeptuneLogin];[UseNeptune]</Value3>
            <Value4>[LoginURL];[IISSiteClientProtocolType]://[ClientURL]/[InstanceName]/Login/</Value4>
            <Value5>[IssuerName];[InstanceName]</Value5>
            <Value6>[IssuerNameValue];[FederationSigningCertThumbprint]</Value6>
            <Value7>[PathToLogin];/[InstanceName]/Login/</Value7>
            <Value8>[RequireSSL];true</Value8>
            <Value9>[wsFederationIssuer];[SingleSignOnServiceURL]</Value9>
            <Value10>[wsFederationPassiveRedirect];false</Value10>
            <Value11>[wsFederationRequireHttps];true</Value11>
            <Value12>[serviceCertificateFindType];FindByThumbprint</Value12>
            <Value13>[serviceCertificateValue];[VismaWindowCertificate]</Value13>
            <Value14>[partnerIdentityProvider];[IDPName]</Value14>
            <Value15>[wsFederationIssuer];[SingleSignOnServiceURL]</Value15>
            <Value16>[SingleLogoutServiceUrl];[SingleLogoutServiceURL]</Value16>
            <Value17>[SingleLogoutServiceResponseUrl];[SingleLogoutServiceResponseURL]</Value17>
            <Value18>[IssuerNameValue];[FederationSigningCertThumbprint]</Value18>
            <Value19>[UseEmbeddedSertificate];[UseEmbeddedCertificate]</Value19>
            <Value20>[SignAuthnRequest];[SignAuthenticationRequest]</Value20>
            <Value21>[SignLogoutRequest];[SignLogoutRequest]</Value21>
            <Value22>[SignLogoutResponse];[SignLogoutResponse]</Value22>
            <Value23>[WantAssertionSigned];[WantAssertionSigned]</Value23>
            <Value24>[WantAssertionEncrypted];[WantAssertionEncrypted]</Value24>
            <Value25>[SingleSignOnServiceBinding];urn:oasis:names:tc:SAML:2.0:bindings:HTTP-[SingleSignOnServiceBinding]</Value25>
            <Value26>[SingleLogoutServiceBinding];urn:oasis:names:tc:SAML:2.0:bindings:HTTP-[SingleLogoutServiceBinding]</Value26>
            <Value27>[SignatureMethod];[SignatureMethod]</Value27>
            <Value28>[SecurityServicesAddress];net.tcp://[SecurityServicesPath]/[InstanceName]/Services/SecurityServices/</Value28>
          </ReplaceValues>
        </Script1>
      </RunCommonStorageImportScript>
      <ReplaceInFiles>
        <Files>
          <File1>[RootDrive]Visma\wwwroot\[BIGRAM]\[InstanceName]\Login\web.config</File1>
          <File2>[RootDrive]Visma\Install\PublicInstaller\VismaWindowImportScripts\[InstanceName]\Login.xml</File2>
        </Files>
        <DataToReplace>
          <Item1>"TenantIdSource" value="QueryString";"TenantIdSource" value="[TenantIdSource]"</Item1>
          <Item2>key="MultitenantMode" value="false";key="MultitenantMode" value="[UseCommonStorage]"</Item2>
          <Item3>INSTANCENAME;[InstanceName]</Item3>
          <Item4>CLIENTURL;[ClientURL]</Item4>
        </DataToReplace>
      </ReplaceInFiles>
    </ActionsAfterInstall>
    <ActionsBeforeUninstall>
      <StopAppPool>[InstanceName] Login AppPool</StopAppPool>
    </ActionsBeforeUninstall>
  </Login>
  <Menu>
    <Info>
      <Version>4.1</Version>
      <ApplicationCategory>Visma Window</ApplicationCategory>
    </Info>
    <Parameters></Parameters>
    <Media>
      <MSIPath>Install\ViW\WebServer\Base\Packages\Menu 4.1\Web 4.1.1\Menu.msi" /qn /l*v</MSIPath>
      <MSICommandLine>"[LogPath]" APP_BRANDING="Visma" INSTALLDIR="[InstallDir]" INSTALLDIR_PROGRAMS="[RootDrive]Visma\Install\Programs" INSTANCENAME="[InstanceName]" ACI_PRODUCTNAME="[ProductName] - [InstanceName]" ACI_IIS_SITE="[IISSiteName]" ACI_IIS_SITE_NO="[IISSiteID]" ACI_IIS_SITE_PORT="[IISSiteProtocol]" ACI_IIS_VIRTUALDIR="[InstanceName]" ACI_IIS_CLIENT_PROTOCOL="[IISSiteClientProtocolType]" ACI_IIS_SSL_OFFLOAD="false" ACI_IIS_CLIENT_URL="[ClientURL]/[InstanceName]" ACI_IIS_CERTIFICATE_THUMBPRINT="[VismaWindowCertificate]" ACI_SQLDB_SERVER="[CoreDatabaseServer]" ACI_SQLDB_DATABASE="[CoreDatabaseName]" ACI_SQLDB_WINAUTH="false" ACI_SQLDB_USER="[CoreDatabaseUser]" ACI_SQLDB_PASSWORD="[CoreDatabaseUserPassword]" ACI_SQLDB_INSTALL_USER="[DatabaseServerUser]" ACI_SQLDB_INSTALL_PASSWORD="[DatabaseServerUserPassword]" ACI_AD_DOMAIN="[LocalComputerName]" ACI_AD_USER="[InstanceName]_IIS" ACI_AD_PASSWORD="[InstancePassword]" ACI_NEPTUNE_SCRIPTFILES_FOLDER="[NeptuneScriptfilesFolder]" APP_ENCRYPT="[Encryption]" APP_MULTITENANTMODE="[MultitenantMode]" InstanceId="[InstanceID]" TRANSFORMS="[Transforms]" MSINEWINSTANCE="[MSINewInstance]"</MSICommandLine>
    </Media>
    <ActionsBeforeInstall>
      <CreateFolder>
        <Folder1>[RootDrive]Visma\Install\PublicInstaller\Logs\[InstanceName]\Menu\4.1</Folder1>
        <Folder2>[RootDrive]Visma\Install\PublicInstaller\VismaWindowImportScripts\[InstanceName]</Folder2>
      </CreateFolder>
      <CreateLocalUser>
        <User1>[InstanceName]_IIS;[InstancePassword]</User1>
      </CreateLocalUser>
    </ActionsBeforeInstall>
    <ActionsAfterInstall>
      <CopyFiles>
        <File1>[RootDrive]Visma\Install\PublicInstaller\Branding\42\Menu\Content\Branding\Branding.xml;[InstallDir]\Menu\Content\Branding\Branding.xml</File1>
        <File2>[RootDrive]Visma\Install\PublicInstaller\Branding\42\Menu\Content\Branding\CustomerLogo.jpg;[InstallDir]\Menu\Content\Branding\CustomerLogo.jpg</File2>
        <File3>[RootDrive]Visma\Install\PublicInstaller\Branding\42\Menu\app\menu\components\menuFull.less;[InstallDir]\Menu\app\menu\components\menuFull.less</File3>
        <File4>[RootDrive]Visma\Install\PublicInstaller\Branding\42\Menu\app\menu\components\menuSelector.less;[InstallDir]\Menu\app\menu\components\menuSelector.less</File4>
        <File5>[RootDrive]Visma\Install\PublicInstaller\Branding\42\Menu\app\menu\components\navbar.html;[InstallDir]\Menu\app\menu\components\navbar.html</File5>
        <File6>[RootDrive]Visma\Install\PublicInstaller\Branding\42\Menu\app\menu\components\navbar.less;[InstallDir]\Menu\app\menu\components\navbar.less</File6>
        <File7>[RootDrive]Visma\Install\PublicInstaller\Branding\42\Menu\app\menu\components\verticalMenu.less;[InstallDir]\Menu\app\menu\components\verticalMenu.less</File7>
        <File8>[RootDrive]Visma\Install\PublicInstaller\Branding\42\Menu\content\variables.less;[InstallDir]\Menu\content\variables.less</File8>
        <File9>[RootDrive]Visma\Install\PublicInstaller\Branding\42\Menu\content\commonLook\common\spinner.less;[InstallDir]\Menu\content\commonLook\common\spinner.less</File9>
        <File10>[RootDrive]Visma\Install\PublicInstaller\VismaWindowImportScripts\Templates\MenuExportMenuAdmin.xml;[RootDrive]Visma\Install\PublicInstaller\VismaWindowImportScripts\[InstanceName]\MenuExportMenuAdmin.xml</File10>
      </CopyFiles>
      <RunNeptuneScript>
        <Script1>[RootDrive]Visma\Install\VIW\WebServer\Base\Configuration\NeptuneConfigTool\ASCC.NeptuneConfig.exe;[RootDrive]Visma\Programs\Neptune\Menu\[InstanceName]\Menu;[RootDrive]Visma\Install\PublicInstaller\Logs\[InstanceName]\Menu\NeptuneScriptLog.log</Script1>
      </RunNeptuneScript>
      <RunSQLScript>
        <Script1>Set Menu Cache;[RootDrive]Visma\Install\PublicInstaller\Scripts\DBScripts\SetMenuCache.sql</Script1>
      </RunSQLScript>
      <ReplaceInFiles>
        <Files>
          <File1>[RootDrive]Visma\Install\PublicInstaller\VismaWindowImportScripts\[InstanceName]\MenuExportMenuAdmin.xml</File1>
        </Files>
        <DataToReplace>
          <Item1>INSTANCENAME;[InstanceName]</Item1>
          <Item2>CLIENTURL;[ClientURL]</Item2>
        </DataToReplace>
      </ReplaceInFiles>
    </ActionsAfterInstall>
    <ActionsBeforeUninstall>
      <StopAppPool>[InstanceName] Menu AppPool</StopAppPool>
    </ActionsBeforeUninstall>
    <ActionsAfterUninstall>
    </ActionsAfterUninstall>
  </Menu>
  <Dashboard>
    <Info>
      <Version>2.0</Version>
      <ApplicationCategory>Visma Window</ApplicationCategory>
    </Info>
    <Parameters></Parameters>
    <Media>
      <MSIPath>Install\ViW\WebServer\Base\Packages\Dashboard 2.0\Web 2.0.2\Dashboard.msi" /qn /l*v</MSIPath>
      <MSICommandLine>"[LogPath]" APP_BRANDING="Visma" INSTALLDIR="[InstallDir]" INSTALLDIR_PROGRAMS="[RootDrive]Visma\Install\Programs" INSTANCENAME="[InstanceName]" APP_ENCRYPT="[Encryption]" ACI_IIS_SITE="[IISSiteName]" APP_IIS_EXTERNAL_HOST="[ExternalHost]" ACI_IIS_SITE_NO="[IISSiteID]" ACI_IIS_SITE_PORT="[IISSiteProtocol]" ACI_IIS_VIRTUALDIR="[InstanceName]" ACI_IIS_CLIENT_PROTOCOL="[IISSiteClientProtocolType]" ACI_IIS_SSL_OFFLOAD="false" ACI_IIS_CLIENT_URL="[ClientURL]/[InstanceName]" ACI_IIS_CERTIFICATE_THUMBPRINT="[VismaWindowCertificate]" ACI_SQLDB_SERVER="[CoreDatabaseServer]" ACI_SQLDB_DATABASE="[CoreDatabaseName]" ACI_SQLDB_WINAUTH="false" ACI_SQLDB_USER="[CoreDatabaseUser]" ACI_SQLDB_PASSWORD="[CoreDatabaseUserPassword]" ACI_SQLDB_INSTALL_USER="[DatabaseServerUser]" ACI_SQLDB_INSTALL_PASSWORD="[DatabaseServerUserPassword]" ACI_AD_DOMAIN="[LocalComputerName]" ACI_AD_USER="[InstanceName]_IIS" ACI_AD_PASSWORD="[InstancePassword]" ACI_NEPTUNE_SCRIPTFILES_FOLDER="[NeptuneScriptfilesFolder]" InstanceId="[InstanceID]" TRANSFORMS="[Transforms]" MSINEWINSTANCE="[MSINewInstance]"</MSICommandLine>
    </Media>
    <ActionsBeforeInstall>
      <CreateFolder>
        <Folder1>[RootDrive]Visma\Install\PublicInstaller\Logs\[InstanceName]\Dashboard\2.0</Folder1>
        <Folder2>[RootDrive]Visma\Install\PublicInstaller\VismaWindowImportScripts\[InstanceName]</Folder2>
      </CreateFolder>
      <CreateLocalUser>
        <User1>[InstanceName]_IIS;[InstancePassword]</User1>
      </CreateLocalUser>
    </ActionsBeforeInstall>
    <ActionsAfterInstall>
      <CopyFiles>
        <File1>[RootDrive]Visma\Install\PublicInstaller\Branding\42\Dashboard\Content\Branding\Branding.xml;[InstallDir]\Dashboard\Content\Branding\Branding.xml</File1>
        <File2>[RootDrive]Visma\Install\PublicInstaller\Branding\42\Dashboard\Views\Tile\StaticLinks.cshtml;[InstallDir]\Dashboard\Views\Tile\StaticLinks.cshtml</File2>
        <File3>[RootDrive]Visma\Install\PublicInstaller\Branding\42\Dashboard\tile.less;[InstallDir]\Dashboard\Content\commonLook\common\mixins\tile.less</File3>
        <File4>[RootDrive]Visma\Install\PublicInstaller\Branding\42\Dashboard\Content\dashboard\tile.less;[InstallDir]\Dashboard\Content\dashboard\tile.less</File4>
        <File5>[RootDrive]Visma\Install\PublicInstaller\Branding\42\Dashboard\Content\commonLook\Common\variables.less;[InstallDir]\Dashboard\Content\commonLook\Common\variables.less</File5>
        <File6>[RootDrive]Visma\Install\PublicInstaller\VismaWindowImportScripts\Templates\DashboardAndDashboardAdmin.xml;[RootDrive]Visma\Install\PublicInstaller\VismaWindowImportScripts\[InstanceName]\DashboardAndDashboardAdmin.xml</File6>
      </CopyFiles>
      <RunNeptuneScript>
        <Script1>[RootDrive]Visma\Install\VIW\WebServer\Base\Configuration\NeptuneConfigTool\ASCC.NeptuneConfig.exe;[RootDrive]Visma\Programs\Neptune\Menu\[InstanceName]\Dashboard;[RootDrive]Visma\Install\PublicInstaller\Logs\[InstanceName]\Dashboard\NeptuneScriptLog.log</Script1>
      </RunNeptuneScript>
      <ReplaceInFiles>
        <Files>
          <File1>[RootDrive]Visma\Install\PublicInstaller\VismaWindowImportScripts\[InstanceName]\DashboardAndDashboardAdmin.xml</File1>
        </Files>
        <DataToReplace>
          <Item1>INSTANCENAME;[InstanceName]</Item1>
          <Item2>CLIENTURL;[ClientURL]</Item2>
        </DataToReplace>
      </ReplaceInFiles>
    </ActionsAfterInstall>
    <ActionsBeforeUninstall>
      <StopAppPool>[InstanceName] Dashboard AppPool</StopAppPool>
    </ActionsBeforeUninstall>
  </Dashboard>
  <Authentication_And_Authorization>
    <Info>
      <Version>3.0</Version>
      <ApplicationCategory>Visma Window</ApplicationCategory>
    </Info>
    <Parameters></Parameters>
    <Media>
      <MSIPath>Install\ViW\WebServer\Base\Packages\AandA 3.0\Web 3.0.0\Authentication and Authorization.msi" /qn /l*v</MSIPath>
      <MSICommandLine>"[LogPath]" INSTALLDIR="[InstallDir]" INSTANCENAME="[InstanceName]" APP_BRANDING="Visma" ACI_PRODUCTNAME="[ProductName] - [InstanceName]" ACI_IIS_SITE="[IISSiteName]" ACI_IIS_SITE_NO="[IISSiteID]" ACI_IIS_SITE_PORT="[IISSiteProtocol]" ACI_IIS_VIRTUALDIR="[InstanceName]" ACI_IIS_CLIENT_PROTOCOL="[IISSiteClientProtocolType]" ACI_IIS_CLIENT_URL="[ClientURL]/[InstanceName]" ACI_NEPTUNE_ADMIN_USER="[NeptuneAdministrator]" ACI_NEPTUNE_ADMIN_PASSWORD="[NeptuneAdministratorPassword]" ACI_SQLDB_SERVER="[CoreDatabaseServer]" ACI_SQLDB_DATABASE="[CoreDatabaseName]" ACI_SQLDB_WINAUTH="False" ACI_SQLDB_USER="[CoreDatabaseUser]" ACI_SQLDB_PASSWORD="[CoreDatabaseUserPassword]" ACI_SQLDB_INSTALL_USER="[DatabaseServerUser]" ACI_SQLDB_INSTALL_PASSWORD="[DatabaseServerUserPassword]" ACI_AD_DOMAIN="[LocalComputerName]" ACI_AD_USER="[InstanceName]_Sec" ACI_AD_PASSWORD="[InstancePassword]" APP_AD_FT_LOCALGROUP="Visma Services Trusted Users" ACI_NEPTUNE_CONFIGFILE_FOLDER="[RootDrive]Visma\Programs\Neptune" ACI_NEPTUNE_SCRIPTFILES_FOLDER="[NeptuneScriptfilesFolder]" ACI_NEPTUNE_CONNECTIONNAME="[NeptuneConnectionName]" ACI_NEPTUNE_VALIDATIONKEY="[InstancePassword]" APP_ENCRYPT="[Encryption]" InstanceId="[InstanceID]" TRANSFORMS="[Transforms]" MSINEWINSTANCE="[MSINewInstance]"</MSICommandLine>
    </Media>
    <ActionsBeforeInstall>
      <CreateFolder>
        <Folder1>[RootDrive]Visma\Install\PublicInstaller\Logs\[InstanceName]\Authentication And Authorization\3.0</Folder1>
      </CreateFolder>
      <CreateLocalUser>
        <User1>[InstanceName]_Sec;[InstancePassword]</User1>
      </CreateLocalUser>
    </ActionsBeforeInstall>
    <ActionsBeforeUninstall>
      <StopAppPool>[InstanceName] Security AppPool</StopAppPool>
    </ActionsBeforeUninstall>
  </Authentication_And_Authorization>
  <Common_Storage>
    <Info>
      <Version>1.0.0</Version>
      <ApplicationCategory>Multitenant</ApplicationCategory>
    </Info>
    <Parameters></Parameters>
    <Media>
      <MSIPath>Install\ViW\WebServer\Base\Packages\Common Storage 1.0.0\Package\Common Storage.msi" /qn /l*v</MSIPath>
      <MSICommandLine>"[LogPath]" APP_BRANDING="Visma" INSTALLDIR="[InstallDir]" PROGRAMS="[RootDrive]Visma\Install\Programs" ACI_SQLDB_SERVER="[CommonStorageDatabaseServer]" ACI_SQLDB_DATABASE="[CommonStorageDatabaseName]" ACI_SQLDB_USER="[CommonStorageDatabaseUser]" ACI_SQLDB_PASSWORD="[CommonStorageDatabaseUserPassword]" ACI_SQLDB_WINAUTH="false" ACI_SQLDB_USER_INSTALL="[DatabaseServerUser]" ACI_SQLDB_PASSWORD_INSTALL="[DatabaseServerUserPassword]" ACI_IIS_APP_NAME="CommonStorageServices" ACI_IIS_SITE="[IISSiteName]" ACI_IIS_SITE_NO="[IISSiteID]" ACI_IIS_SITE_PORT="[IISSiteProtocol]" APP_ENCRYPT="[Encryption]"</MSICommandLine>
    </Media>
    <ActionsBeforeInstall>
      <CreateFolder>
        <Folder1>[RootDrive]Visma\Install\PublicInstaller\Logs\[InstanceName]\Common Storage\1.0.0</Folder1>
        <Folder2>[RootDrive]Visma\Install\PublicInstaller\Logs\[InstanceName]\CommonStorageAdmin</Folder2>
        <Folder3>[RootDrive]Visma\Install\PublicInstaller\VismaWindowImportScripts\[InstanceName]</Folder3>
      </CreateFolder>
    </ActionsBeforeInstall>
    <ActionsAfterInstall>
      <CreateFolder>
        <Folder1>[RootDrive]Visma\Programs\Neptune\Menu\[InstanceName]\CommonStorageAdmin</Folder1>
      </CreateFolder>
      <CopyDir>
        <Dir1>[RootDrive]Visma\Install\ViW\WebServer\Base\Packages\CommonStorageAdmin;[RootDrive]Visma\wwwroot\Admin\CommonStorage</Dir1>
      </CopyDir>
      <CopyFiles>
        <File1>[RootDrive]Visma\Install\ViW\WebServer\Base\Packages\CommonStorageAdmin\NeptuneScript\CommonStorage.xml;[RootDrive]Visma\Programs\Neptune\Menu\[InstanceName]\CommonStorageAdmin\Neptune Application Script - CommonStorageAdmin.xml</File1>
        <File2>[RootDrive]Visma\Install\PublicInstaller\VismaWindowImportScripts\Templates\CommonStorage.xml;[RootDrive]Visma\Install\PublicInstaller\VismaWindowImportScripts\CommonStorage.xml</File2>
      </CopyFiles>
      <ReplaceInFiles>
        <Files>
          <File1>[RootDrive]Visma\wwwroot\Admin\CommonStorage\WIFSettings.config</File1>
          <File2>[RootDrive]Visma\wwwroot\Admin\CommonStorage\WIFServices.config</File2>
          <File3>[RootDrive]Visma\wwwroot\Admin\CommonStorage\web.config</File3>
          <File4>[RootDrive]Visma\Install\PublicInstaller\VismaWindowImportScripts\CommonStorage.xml</File4>
        </Files>
        <DataToReplace>
          <Item1>FQDN;[ClientURL]</Item1>
          <Item2>[INSTANCENAME];[InstanceName]</Item2>
          <Item3>THUMBPRINT;[VismaWindowCertificate]</Item3>
          <Item4>PROTOCOL;[IISSiteClientProtocolType]</Item4>
          <Item5>VIRTUALPATH;[VirtualPath]</Item5>
          <Item6>[CommonStorageDatabaseServer];[CommonStorageDatabaseServer]</Item6>
          <Item7>[CommonStorageDatabaseName];[CommonStorageDatabaseName]</Item7>
          <Item8>[CommonStorageDatabaseUser];[CommonStorageDatabaseUser]</Item8>
          <Item9>[CommonStorageDatabaseUserPassword];[CommonStorageDatabaseUserPassword]</Item9>
          <Item16>INSTANCENAME;[InstanceName]</Item16>
          <Item17>CLIENTURL;[ClientURL]</Item17>
        </DataToReplace>
      </ReplaceInFiles>
      <AddApplicationToAppPool>
        <Item1>CommonStorageServices AppPool;[IISSiteID];/[VirtualPath];[RootDrive]Visma\wwwroot\Admin\CommonStorage</Item1>
      </AddApplicationToAppPool>
      <AddVirtualDir>
        <VDir1>/Admin;[RootDrive]Visma\wwwroot\Admin;[IISSiteID]</VDir1>
      </AddVirtualDir>
      <RunNeptuneScript>
        <Script1>[RootDrive]Visma\Install\VIW\WebServer\Base\Configuration\NeptuneConfigTool\ASCC.NeptuneConfig.exe;[RootDrive]Visma\Programs\Neptune\Menu\[InstanceName]\CommonStorageAdmin;[RootDrive]Visma\Install\PublicInstaller\Logs\[InstanceName]\CommonStorageAdmin\NeptuneScriptLog.log</Script1>
      </RunNeptuneScript>
      <EncryptConfigFiles>
        <Parameter>All</Parameter>
      </EncryptConfigFiles>
    </ActionsAfterInstall>
    <ActionsBeforeUninstall>
      <StopAppPool>CommonStorageServices AppPool</StopAppPool>
      <DeleteWebApplication>
        <Item1>CommonStorageServices AppPool;[IISSiteID];/[VirtualPath];[RootDrive]Visma\wwwroot\Admin\CommonStorage</Item1>
      </DeleteWebApplication>
      <DeleteApplicationPool>
        <Item1>CommonStorageServices AppPool</Item1>
      </DeleteApplicationPool>
      <DeleteDir>
        <Item1>[RootDrive]Visma\wwwroot\Admin\CommonStorage</Item1>
      </DeleteDir>
      <RemoveVirtualDir>
        <RemoveVDir1>/Admin;[RootDrive]Visma\wwwroot\Admin;[IISSiteID]</RemoveVDir1>
      </RemoveVirtualDir>
    </ActionsBeforeUninstall>
  </Common_Storage>
  <Scheduler>
    <Info>
      <Version>1.6</Version>
      <ApplicationCategory>Multitenant</ApplicationCategory>
    </Info>
    <Parameters></Parameters>
    <Media>
      <MSIPath>Install\ViW\WebServer\Base\Packages\Scheduler 1.6\Web 1.6.0\Scheduler.msi" /qn /l*v</MSIPath>
      <MSICommandLine>"[LogPath]" APP_BRANDING="Visma" INSTALLDIR="[InstallDir]" INSTALLDIR_PROGRAMS="[RootDrive]Visma\Install\Programs" ACI_IIS_CERTIFICATE_THUMBPRINT="[VismaWindowCertificate]" ACI_NEPTUNE_SCRIPTFILES_FOLDER="[NeptuneScriptfilesFolder]" ACI_SQLDB_SERVER="[DatabaseServer]" ACI_SQLDB_DATABASE="[SchedulerDatabaseName]" ACI_SQLDB_WINAUTH="false" ACI_SQLDB_USER="[SchedulerDatabaseUser]" ACI_SQLDB_PASSWORD="[SchedulerDatabaseUserPassword]" ACI_IIS_SITE="[IISSiteName]" ACI_IIS_SITE_NO="[IISSiteID]" ACI_IIS_SITE_PORT="[IISSiteProtocol]" ACI_IIS_APPPOOL="[SchedulerIISAppPoolName]" ACI_SQLDB_USER_INSTALL="[DatabaseServerUser]" ACI_SQLDB_PASSWORD_INSTALL="[DatabaseServerUserPassword]" ACI_AD_DOMAIN="[LocalComputerName]" ACI_AD_USER="[InstanceName]_IIS" ACI_AD_PASSWORD="[InstancePassword]" ACI_IIS_CLIENT_PROTOCOL="[IISSiteClientProtocolType]" ACI_IIS_CLIENT_URL_SINGLE="[ClientURL]" ACI_IIS_SSL_OFFLOAD="false" APP_ENCRYPT="[Encryption]" APP_SENDERADRESS="[SchedulerEmailSenderAddress]" APP_SENDERNAME="[SchedulerEmailSenderName]" APP_SUPERVISORTENANT="[SchedulerAdminInstanceName]"</MSICommandLine>
    </Media>
    <ActionsBeforeInstall>
      <CreateFolder>
        <Folder1>[RootDrive]Visma\Install\PublicInstaller\Logs\Scheduler\1.6</Folder1>
      </CreateFolder>
      <CreateLocalUser>
        <User1>[InstanceName]_IIS;[InstancePassword]</User1>
      </CreateLocalUser>
    </ActionsBeforeInstall>
    <ActionsAfterInstall>
      <CopyFiles>
        <File1>[RootDrive]Visma\Install\PublicInstaller\Branding\42\Scheduler\Content\telerik.kendoui.professional.2015.3.1214.commercial\Styles\kendo.default.min.css;[RootDrive]Visma\wwwroot\Admin\Scheduler\Content\telerik.kendoui.professional.2015.3.1214.commercial\Styles\kendo.default.min.css</File1>
        <File2>[RootDrive]Visma\Install\PublicInstaller\Branding\42\Scheduler\Content\telerik.kendoui.professional.2015.3.1214.commercial\Styles\kendo.default.mobile.min.css;[RootDrive]Visma\wwwroot\Admin\Scheduler\Content\telerik.kendoui.professional.2015.3.1214.commercial\Styles\kendo.default.mobile.min.css</File2>
        <File3>[RootDrive]Visma\Install\PublicInstaller\Branding\42\Scheduler\Content\AditroUx\Controls\spinner.css;[RootDrive]Visma\wwwroot\Admin\Scheduler\Content\AditroUx\Controls\spinner.css</File3>
        <File4>[RootDrive]Visma\Install\PublicInstaller\VismaWindowImportScripts\Templates\Scheduler.xml;[RootDrive]Visma\Install\PublicInstaller\VismaWindowImportScripts\Scheduler.xml</File4>
      </CopyFiles>
      <RunNeptuneScript>
        <Script1>[RootDrive]Visma\Install\VIW\WebServer\Base\Configuration\NeptuneConfigTool\ASCC.NeptuneConfig.exe;[RootDrive]Visma\Programs\Neptune\Menu\[InstanceName]\Scheduler;[RootDrive]Visma\Install\PublicInstaller\Logs\Scheduler\NeptuneScriptLog.log</Script1>
      </RunNeptuneScript>
      <ReplaceInFiles>
        <Files>
          <File1>[RootDrive]Visma\Install\PublicInstaller\VismaWindowImportScripts\Scheduler.xml</File1>
        </Files>
        <DataToReplace>
          <Item2>CLIENTURL;[ClientURL]</Item2>
        </DataToReplace>
      </ReplaceInFiles>
    </ActionsAfterInstall>
    <ActionsBeforeUninstall>
      <StopAppPool>Visma Scheduler AppPool</StopAppPool>
    </ActionsBeforeUninstall>
  </Scheduler>
  <Currency>
    <Info>
      <Version>1.6</Version>
      <ApplicationCategory>Multitenant</ApplicationCategory>
    </Info>
    <Parameters></Parameters>
    <Media>
      <MSIPath>Install\ViW\WebServer\Base\Packages\Currency 1.6\Web 1.6.0\Currency.msi" /qn /l*v</MSIPath>
      <MSICommandLine>"[LogPath]" APP_BRANDING="Visma" INSTALLDIR="[InstallDir]" ACI_NEPTUNE_SCRIPTFILES_FOLDER="[NeptuneScriptfilesFolder]" INSTANCENAME="[InstanceName]" ACI_PRODUCTNAME="[ProductName] - [InstanceName]" ACI_SQLDB_SERVER="[CurrencyDatabaseServer]" ACI_SQLDB_DATABASE="[CurrencyDatabaseName]" ACI_SQLDB_WINAUTH="false" ACI_SQLDB_USER="[CurrencyDatabaseUser]" ACI_SQLDB_PASSWORD="[CurrencyDatabaseUserPassword]" ACI_IIS_SITE="[IISSiteName]" ACI_IIS_SITE_NO="[IISSiteID]" ACI_IIS_SITE_PORT="[IISSiteProtocol]" ACI_IIS_APPPOOL="Visma Currency AppPool" ACI_SQLDB_INSTALL_USER="[DatabaseServerUser]" ACI_SQLDB_INSTALL_PASSWORD="[DatabaseServerUserPassword]" ACI_AD_DOMAIN="[LocalComputerName]" ACI_AD_USER="[InstanceName]_IIS" ACI_AD_PASSWORD="[InstancePassword]" ACI_IIS_CLIENT_PROTOCOL="[IISSiteClientProtocolType]" ACI_IIS_SSL_OFFLOAD="false" APP_ENCRYPT="[Encryption]"</MSICommandLine>
    </Media>
    <ActionsBeforeInstall>
      <CreateFolder>
        <Folder1>[RootDrive]Visma\Install\PublicInstaller\Logs\Currency\1.6</Folder1>
      </CreateFolder>
      <CreateLocalUser>
        <User1>[InstanceName]_IIS;[InstancePassword]</User1>
      </CreateLocalUser>
    </ActionsBeforeInstall>
    <ActionsAfterInstall>
      <CopyFiles>
        <File1>[RootDrive]Visma\Install\PublicInstaller\Branding\42\Currency\Content\Kendo\2014.1.318\kendo.default.min.css;[RootDrive]Visma\wwwroot\Admin\Currency\Content\Kendo\2014.1.318\kendo.default.min.css</File1>
        <File2>[RootDrive]Visma\Install\PublicInstaller\VismaWindowImportScripts\Templates\Currency.xml;[RootDrive]Visma\Install\PublicInstaller\VismaWindowImportScripts\Currency.xml</File2>
        <File3>[RootDrive]Visma\Install\ViW\WebServer\Base\Packages\Currency 1.6\ConfigFiles\WIFServices.config;[RootDrive]Visma\wwwroot\Admin\Currency\WIFServices.config</File3>
        <File4>[RootDrive]Visma\Install\ViW\WebServer\Base\Packages\Currency 1.6\ConfigFiles\WIFSettings.config;[RootDrive]Visma\wwwroot\Admin\Currency\WIFSettings.config</File4>
      </CopyFiles>
      <RunNeptuneScript>
        <Script1>[RootDrive]Visma\Install\VIW\WebServer\Base\Configuration\NeptuneConfigTool\ASCC.NeptuneConfig.exe;[RootDrive]Visma\Programs\Neptune\Menu\[InstanceName]\Currency;[RootDrive]Visma\Install\PublicInstaller\Logs\Currency\NeptuneScriptLog.log</Script1>
      </RunNeptuneScript>
      <ReplaceInFiles>
        <Files>
          <File1>[RootDrive]Visma\Install\PublicInstaller\VismaWindowImportScripts\Currency.xml</File1>
          <File2>[RootDrive]Visma\wwwroot\Admin\Currency\web.config</File2>
          <File3>[RootDrive]Visma\wwwroot\Admin\Currency\WIFServices.config</File3>
          <File4>[RootDrive]Visma\wwwroot\Admin\Currency\WIFSettings.config</File4>
        </Files>
        <DataToReplace>
          <Item2>CLIENTURL;[ClientURL]</Item2>
          <Item2>PROTOCOL;[IISSiteClientProtocolType]</Item2>
          <Item2>THUMBPRINT;[VismaWindowCertificate]</Item2>
          <Item2>CURRENCYCLIENTURL;[ClientURL]</Item2>
          <Item2>INSTANCENAME;[InstanceName]</Item2>
          <Item2>windowsAuthentication enabled="true" /;windowsAuthentication enabled="false" /</Item2>
        </DataToReplace>
      </ReplaceInFiles>
    </ActionsAfterInstall>
    <ActionsBeforeUninstall>
      <StopAppPool>Visma Currency AppPool</StopAppPool>
    </ActionsBeforeUninstall>
    <ActionsAfterUninstall>
      <DeleteDir>[RootDrive]Visma\wwwroot\Admin\Currency</DeleteDir>
	</ActionsAfterUninstall>
  </Currency>
  <Neptune_Web>
    <Info>
      <Version>8.0</Version>
      <ApplicationCategory>Neptune</ApplicationCategory>
    </Info>
    <Parameters></Parameters>
    <Media>
      <MSIPath>Install\ViW\WebServer\Base\Packages\Neptune 8.0\Neptune.WebAdmin.8.0.0\Neptune Web.msi" /qn /l*v</MSIPath>
      <MSICommandLine>"[LogPath]" APP_BRANDING="Visma" INSTALLDIR="[InstallDir]" INSTANCENAME="[InstanceName]" ACI_IIS_VIRTUALDIR="[InstanceName]" ACI_NEPTUNE_CONNECTIONNAME="[InstanceName]" ACI_IIS_CLIENT_PROTOCOL="[IISSiteClientProtocolType]" ACI_IIS_SSL_OFFLOAD="false" ACI_IIS_CERTIFICATE_THUMBPRINT="[VismaWindowCertificate]" ACI_NEPTUNE_CONFIGFILE_FOLDER="[RootDrive]Visma\Programs\Neptune" APP_IIS_APPPOOL="[InstanceName] Neptune Web AppPool" ACI_IIS_SITE="[IISSiteName]" ACI_IIS_SITE_NO="[IISSiteID]" ACI_IIS_CLIENT_URL="[ClientURL]/[InstanceName]" ACI_IIS_SITE_PORT="[IISSiteProtocol]" ACI_AD_DOMAIN=[LocalComputerName] ACI_AD_USER="[InstanceName]_IIS" ACI_AD_PASSWORD="[InstancePassword]" ACI_NEPTUNE_SCRIPTFILES_FOLDER="[NeptuneScriptfilesFolder]" APP_ENCRYPT="[Encryption]" InstanceId="[InstanceID]" TRANSFORMS="[Transforms]" MSINEWINSTANCE="[MSINewInstance]"</MSICommandLine>
    </Media>
    <ActionsBeforeInstall>
      <CreateFolder>
        <Folder1>[RootDrive]Visma\Install\PublicInstaller\Logs\[InstanceName]\Neptune Web\8.0</Folder1>
        <Folder2>[RootDrive]Visma\Install\PublicInstaller\VismaWindowImportScripts\[InstanceName]</Folder2>
      </CreateFolder>
      <CreateLocalUser>
        <User1>[InstanceName]_IIS;[InstancePassword]</User1>
      </CreateLocalUser>
    </ActionsBeforeInstall>
    <ActionsAfterInstall>
      <CopyFiles>
        <File1>[RootDrive]Visma\Install\PublicInstaller\Branding\40\Style2\NeptuneWeb\Content\Branding\Branding.xml;[InstallDir]\NeptuneWeb\Content\Branding\Branding.xml</File1>
        <File2>[RootDrive]Visma\Install\PublicInstaller\VismaWindowImportScripts\Templates\NeptuneWeb.xml;[RootDrive]Visma\Install\PublicInstaller\VismaWindowImportScripts\[InstanceName]\NeptuneWeb.xml</File2>
      </CopyFiles>
      <RunNeptuneScript>
        <Script1>[RootDrive]Visma\Install\VIW\WebServer\Base\Configuration\NeptuneConfigTool\ASCC.NeptuneConfig.exe;[RootDrive]Visma\Programs\Neptune\Menu\[InstanceName]\Neptune Web;[RootDrive]Visma\Install\PublicInstaller\Logs\[InstanceName]\Neptune Web\NeptuneScriptLog.log</Script1>
      </RunNeptuneScript>
      <ReplaceInFiles>
        <Files>
          <File1>[RootDrive]Visma\Install\PublicInstaller\VismaWindowImportScripts\[InstanceName]\NeptuneWeb.xml</File1>
        </Files>
        <DataToReplace>
          <Item1>INSTANCENAME;[InstanceName]</Item1>
          <Item2>CLIENTURL;[ClientURL]</Item2>
        </DataToReplace>
      </ReplaceInFiles>
    </ActionsAfterInstall>
    <ActionsBeforeUninstall>
      <StopAppPool>[InstanceName] Neptune AppPool</StopAppPool>
    </ActionsBeforeUninstall>
    <ActionsAfterUninstall>
      <DeleteApplicationPool>
        <Item1>[InstanceName] Neptune AppPool</Item1>
      </DeleteApplicationPool>
    </ActionsAfterUninstall>
  </Neptune_Web>
  <Neptune_Core>
    <Info>
      <Version>8.0</Version>
      <ApplicationCategory>Neptune</ApplicationCategory>
    </Info>
    <Parameters></Parameters>
    <Media>
      <MSIPath>Install\ViW\WebServer\Base\Packages\Neptune 8.0\Neptune.Core.8.0.1\Neptune Core.msi" /qn /l*v</MSIPath>
      <MSICommandLine>"[LogPath]" APP_BRANDING="Visma" INSTALLDIR="C:\Program Files\Common Files\Aditro\Neptune"</MSICommandLine>
    </Media>
    <ActionsBeforeInstall>
      <CreateFolder>
        <Folder1>[RootDrive]Visma\Install\PublicInstaller\Logs\NeptuneCore\8.0</Folder1>
      </CreateFolder>
    </ActionsBeforeInstall>
  </Neptune_Core>
  <Neptune_Windows_Menu>
    <Info>
      <Version>8.0</Version>
      <ApplicationCategory>Neptune</ApplicationCategory>
    </Info>
    <Parameters></Parameters>
    <Media>
      <MSIPath>Install\ViW\WebServer\Base\Packages\Neptune 8.0\Neptune.WindowsMenu.8.0.1\Neptune Windows Menu.msi" /qn /l*v</MSIPath>
      <MSICommandLine>"[LogPath]" APP_BRANDING="Visma" INSTALLDIR="[InstallDir]" APP_CONFIG_PATH_SILENT="[RootDrive]Visma\Programs\Neptune"</MSICommandLine>
      <InstallTimeout>120000</InstallTimeout>
    </Media>
    <ActionsBeforeInstall>
      <CreateFolder>
        <Folder1>[RootDrive]Visma\Install\PublicInstaller\Logs\Neptune Windows Menu\8.0</Folder1>
      </CreateFolder>
    </ActionsBeforeInstall>
  </Neptune_Windows_Menu>
  <Neptune_Message_Broker>
    <Info>
      <Version>8.0</Version>
      <ApplicationCategory>Neptune</ApplicationCategory>
    </Info>
    <Parameters></Parameters>
    <Media>
      <MSIPath>Install\ViW\WebServer\Base\Packages\Neptune 8.0\Neptune.MessageBroker.8.0.1\Neptune Message Broker.msi" /qn /l*v</MSIPath>
      <MSICommandLine>"[LogPath]" INSTALLDIR="[InstallDir]" APP_CONFIG_PATH_ROOT="[RootDrive]Visma\Programs\Neptune" CONNECTION_SELECTED="[NeptuneConnectionName]" MULTIPLY="1" ACCOUNT_TYPE="1" NEPTUNE_ACCOUNT_LOGIN="[NeptuneMessageBrokerUser]" NEPTUNE_ACCOUNT_PASSWORD="[NeptuneMessageBrokerUserPassword]" ALLUSERS="1" APP_FILE_PATH="[InstallDir]" APP_SERVER_SEARCH="[RootDrive]Visma\Programs\Neptune" CONNECTION="[NeptuneConnectionName]" CONNECTION_NAME="[NeptuneConnectionName]" SELECTED="0" CONNECTIONS_COUNT="1" COUNTER="1" APP_BRANDING="Visma" APP_ENCRYPT="True"</MSICommandLine>
    </Media>
    <ActionsBeforeInstall>
      <CreateFolder>
        <Folder1>[RootDrive]Visma\Install\PublicInstaller\Logs\Neptune Message Broker\8.0</Folder1>
      </CreateFolder>
      <RunProcess>
        <Process1>[RootDrive]Visma\install\VIW\WebServer\Base\Packages\Neptune\PrepareRegistryMessageBroker\PrepareRegistryMessageBroker.cmd;Mode="INSTALL" ConfigPathRoot="[RootDrive]\Visma\Programs\Neptune\" CONNECTION="[NeptuneConnectionName]" LOGIN="[NeptuneMessageBrokerUser]" PASSWORD="[NeptuneMessageBrokerUserPassword]"</Process1>
      </RunProcess>
    </ActionsBeforeInstall>
  </Neptune_Message_Broker>
  <RoR_Web>
    <Info>
      <Version>17.2</Version>
      <ApplicationCategory>RoR</ApplicationCategory>
    </Info>
    <Parameters></Parameters>
    <Media>
      <MSIPath>Install\RoRWebb\RoRw.msi" /qn /l*v</MSIPath>
      <MSICommandLine>"[LogPath]" INSTALLDIR_DEFAULT="[RootDrive]Visma\wwwroot" INSTALLDIR="[RootDrive]Visma\wwwroot\[BIGRAM]\RoR" InstallSwPath="[RootDrive]Visma\wwwroot\[BIGRAM]\RoR" INSTANCENAME="[InstanceName]" ACI_PRODUCTNAME="[ProductName] - [InstanceName]" APP_IIS_APPPOOL="[AppPoolName]" ACI_IIS_SITE="[IISSiteName]" ACI_IIS_SITE_NO="[IISSiteID]" ACI_IIS_SITE_PORT="443" ACI_IIS_CERTIFICATE_THUMBPRINT="[VismaWindowCertificate]" ACI_SQLDB_DBMS="MSSQL" APP_IS_SQLDB="true" APP_ROR_DB_NAME="[DatabaseName]" APP_ROR_DB_PASSWORD="[RoRDBPassword]" APP_ROR_DB_SERVER_NAME="[DatabaseServer]" APP_ROR_DB_USER="EZ0" APP_ROR_IOF_SERVICE_SERVER_URL="[PathToIoFReceiverService]" APP_ROR_NEPTUNE_SERVICE_SERVER_URL="[VismaWindowURL]" APP_ROR_NEPTUNE_SERVICE_VIRTUALDIR_NAME="[InstanceName]" APP_ROR_ORACLE_SERVICE_NAME="[AppRorOracleServiceName]" APP_ROR_WEB_IIS_VIRTUALDIR_NAME="ROR" APP_ROR_WEB_SERVER_URL="[ClientURL]" APP_ROR_NEPTUNE_SERVICE_SERVER_ENDPOINT_URL="[PathToSecurityServices]"</MSICommandLine>
    </Media>
    <ActionsBeforeInstall>
      <CreateFolder>
        <Folder1>[RootDrive]Visma\Install\PublicInstaller\Logs\[InstanceName]\RoRWebb\17.2</Folder1>
      </CreateFolder>
    </ActionsBeforeInstall>
    <ActionsAfterInstall>
    </ActionsAfterInstall>
    <ActionsBeforeUninstall>
      <StopAppPool>[InstanceName] Login AppPool</StopAppPool>
    </ActionsBeforeUninstall>
  </RoR_Web>
  <AWPublic>
    <Info>
      <Version>18.1</Version>
      <ApplicationCategory>Visma Window</ApplicationCategory>
    </Info>
    <Parameters></Parameters>
    <Media>
      <MSIPath>
      </MSIPath>
      <MSICommandLine>
      </MSICommandLine>
    </Media>
    <ActionsBeforeInstall>
      <CreateFolder>
        <Folder1>[RootDrive]Visma\Install\PublicInstaller\Logs\[InstanceName]\AWPublic\18.1</Folder1>
        <Folder2>[RootDrive]Visma\Programs\Neptune\Menu\[InstanceName]\AWPublic</Folder2>
        <Folder3>[RootDrive]Visma\Install\PublicInstaller\VismaWindowImportScripts\[InstanceName]</Folder3>
      </CreateFolder>
      <CopyDir>
        <Dir1>[RootDrive]Visma\Install\ViW\WebServer\Base\Packages\AWPublic;[RootDrive]Visma\wwwroot\[BIGRAM]\AWPublic</Dir1>
      </CopyDir>
      <CopyFiles>
        <File1>[RootDrive]Visma\Install\ViW\WebServer\Base\Packages\AWPublic\Content\NeptuneApplicationScripts\AWPublic.xml;[NeptuneScriptfilesFolder]\Neptune Application Script - AWPublic.xml</File1>
        <File2>[RootDrive]Visma\Install\PublicInstaller\VismaWindowImportScripts\Templates\AWPublic.xml;[RootDrive]Visma\Install\PublicInstaller\VismaWindowImportScripts\[InstanceName]\AWPublic.xml</File2>
      </CopyFiles>
      <ReplaceInFiles>
        <Files>
          <File1>[RootDrive]Visma\wwwroot\[BIGRAM]\AWPublic\system.identityModel.config</File1>
          <File2>[RootDrive]Visma\wwwroot\[BIGRAM]\AWPublic\system.identityModel.services.config</File2>
          <File3>[RootDrive]Visma\wwwroot\[BIGRAM]\AWPublic\web.config</File3>
          <File4>[RootDrive]Visma\Install\PublicInstaller\VismaWindowImportScripts\[InstanceName]\AWPublic.xml</File4>
        </Files>
        <DataToReplace>
          <Item1>FQDN;[ClientURL]</Item1>
          <Item2>INSTANCENAME;[InstanceName]</Item2>
          <Item3>THUMBPRINT;[VismaWindowCertificate]</Item3>
          <Item4>PROTOCOL;[IISSiteClientProtocolType]</Item4>
          <Item5>VIRTUALPATH;[VirtualPath]</Item5>
          <Item6>AAPATH;[SecurityServicesPath]</Item6>
          <Item7>ARBETSTAGAREURL;[ArbetstagareURL]</Item7>
          <Item8>ARBETSLEDAREURL;[ArbetsledareURL]</Item8>
          <Item9>PDBSERVER;[PDBServer]</Item9>
          <Item10>PDATABASE;[PDatabase]</Item10>
          <Item11>PDATABASEUSER;[PDatabaseUser]</Item11>
          <Item12>PDATABASEUSERPASSWORD;[PDatabaseUserPassword]</Item12>
          <Item13>LOCALMICROWEBURL;[LocalMicroWebURL]</Item13>
          <Item14>ANSTGUIDEURL;[AnstGuideURL]</Item14>
          <Item15>PCOMPANYID;[PTileCompanyID]</Item15>
          <Item16>PMOBILEURL;[PMobileURL]</Item16>
          <Item17>TIMECAREPOOLURL;[TimeCarePoolURL]</Item17>
          <Item18>TIMECAREWEBURL;[TimeCareWebURL]</Item18>
          <Item19>IOFWEBURL;[IOFWebURL]</Item19>
          <Item20>CLIENTURL;[ClientURL]</Item20>
        </DataToReplace>
      </ReplaceInFiles>
      <CreateAppPool>
        <Item1>[InstanceName] AWPublic AppPool</Item1>
      </CreateAppPool>
      <AddApplicationToAppPool>
        <Item1>[InstanceName] AWPublic AppPool;[IISSiteID];/[VirtualPath];[RootDrive]Visma\wwwroot\[BIGRAM]\AWpublic</Item1>
      </AddApplicationToAppPool>
      <RunNeptuneScript>
        <Script1>[RootDrive]Visma\Install\VIW\WebServer\Base\Configuration\NeptuneConfigTool\ASCC.NeptuneConfig.exe;[NeptuneScriptfilesFolder];[RootDrive]Visma\Install\PublicInstaller\Logs\[InstanceName]\AWPublic\NeptuneScriptLog.log</Script1>
      </RunNeptuneScript>
      <AddVirtualDir>
        <VDir1>/[InstanceName];[RootDrive]Visma\wwwroot\[InstanceName];[IISSiteID]</VDir1>
      </AddVirtualDir>
      <EncryptConfigFiles>
        <Parameter>All</Parameter>
      </EncryptConfigFiles>
    </ActionsBeforeInstall>
    <ActionsAfterInstall>
    </ActionsAfterInstall>
    <ActionsBeforeUninstall>
      <DeleteWebApplication>
        <Item1>[InstanceName] AWPublic AppPool;[IISSiteID];/[VirtualPath];[RootDrive]Visma\wwwroot\[BIGRAM]\AWpublic</Item1>
      </DeleteWebApplication>
      <DeleteApplicationPool>
        <Item1>[InstanceName] AWPublic AppPool</Item1>
      </DeleteApplicationPool>
      <RemoveVirtualDir>
        <RemoveVDir1>/[InstanceName];[RootDrive]Visma\wwwroot\[InstanceName];[IISSiteID]</RemoveVDir1>
      </RemoveVirtualDir>
      <DeleteDir>
        <Item1>[RootDrive]Visma\wwwroot\[BIGRAM]\AWpublic</Item1>
      </DeleteDir>
    </ActionsBeforeUninstall>
  </AWPublic>
  <QuickReport>
    <Info>
      <Version>18.1</Version>
      <ApplicationCategory>AddOn</ApplicationCategory>
    </Info>
    <Parameters></Parameters>
    <Media>
      <MSIPath>
      </MSIPath>
      <MSICommandLine>
      </MSICommandLine>
    </Media>
    <ActionsBeforeInstall>
      <CreateFolder>
        <Folder1>[RootDrive]Visma\Install\PublicInstaller\Logs\[InstanceName]\QuickReport\18.1</Folder1>
        <Folder2>[RootDrive]Visma\Programs\Neptune\Menu\[InstanceName]\QuickReport</Folder2>
        <Folder3>[RootDrive]Visma\Install\PublicInstaller\VismaWindowImportScripts\[InstanceName]</Folder3>
      </CreateFolder>
      <CopyDir>
        <Dir1>[RootDrive]Visma\Install\ViW\WebServer\Base\Packages\QuickReport;[RootDrive]Visma\wwwroot\[BIGRAM]\QuickReport</Dir1>
      </CopyDir>
      <CopyFiles>
        <File1>[RootDrive]Visma\Install\ViW\WebServer\Base\Packages\QuickReport\Content\NeptuneScripts\QuickReport.xml;[NeptuneScriptfilesFolder]\Neptune Application Script - QuickReport.xml</File1>
        <File2>[RootDrive]Visma\Install\PublicInstaller\VismaWindowImportScripts\Templates\QuickReport.xml;[RootDrive]Visma\Install\PublicInstaller\VismaWindowImportScripts\[InstanceName]\QuickReport.xml</File2>
      </CopyFiles>
      <ReplaceInFiles>
        <Files>
          <File1>[RootDrive]Visma\wwwroot\[BIGRAM]\QuickReport\system.identityModel.config</File1>
          <File2>[RootDrive]Visma\wwwroot\[BIGRAM]\QuickReport\system.identityModel.services.config</File2>
          <File3>[RootDrive]Visma\wwwroot\[BIGRAM]\QuickReport\web.config</File3>
          <File4>[RootDrive]Visma\Install\PublicInstaller\VismaWindowImportScripts\[InstanceName]\QuickReport.xml</File4>
        </Files>
        <DataToReplace>
          <Item1>FQDN;[ClientURL]</Item1>
          <Item2>[INSTANCENAME];[InstanceName]</Item2>
          <Item3>THUMBPRINT;[VismaWindowCertificate]</Item3>
          <Item4>PROTOCOL;[IISSiteClientProtocolType]</Item4>
          <Item5>VIRTUALPATH;[VirtualPath]</Item5>
          <Item6>[AAPATH];[SecurityServicesPath]</Item6>
          <Item7>[QUICKREPORTDBSERVER];[QuickReportDatabaseServer]</Item7>
          <Item8>[QUICKREPORTDB];[QuickReportDatabaseName]</Item8>
          <Item9>[QUICKREPORTDBUSER];[QuickReportDatabaseUser]</Item9>
          <Item10>[QUICKREPORTDBUSERPASSWORD];[QuickReportDatabaseUserPassword]</Item10>
          <Item11>[DEFAULTSOURCEDBNAME];[SourceDBName]</Item11>
          <Item12>[DEFAULTSOURCEDBUSER];[SourceDBUser]</Item12>
          <Item13>[DEFAULTSOURCEDBUSERPASSWORD];[SourceDBUserPassword]</Item13>
          <Item14>[DEFAULTSOURCEDBSERVER];[SourceDBServer]</Item14>
          <Item15>[PORGURL];[POrgURL]</Item15>
          <Item16>INSTANCENAME;[InstanceName]</Item16>
          <item17>CLIENTURL;[ClientURL]</item17>
        </DataToReplace>
      </ReplaceInFiles>
      <CreateDatabase>
        <InstallParams>
          <DBserverName>[DatabaseServer]</DBserverName>
          <DBName>[InstanceName]_QuickReport</DBName>
          <ServerInstallUser>[DatabaseServerUser]</ServerInstallUser>
          <ServerInstallUserPassword>[DatabaseServerUserPassword]</ServerInstallUserPassword>
        </InstallParams>
      </CreateDatabase>
      <CreateDatabaseUser>
        <InstallParams>
          <DBserverName>[DatabaseServer]</DBserverName>
          <DBName>[InstanceName]_QuickReport</DBName>
          <ServerInstallUser>[DatabaseServerUser]</ServerInstallUser>
          <ServerInstallUserPassword>[DatabaseServerUserPassword]</ServerInstallUserPassword>
          <DBUserName>[InstanceName]_QuickReportUser</DBUserName>
          <DBUserNamePassword>[InstancePassword]</DBUserNamePassword>
        </InstallParams>
      </CreateDatabaseUser>
      <AssignDBUserToDB>
        <InstallParams>
          <DBserverName>[DatabaseServer]</DBserverName>
          <DBName>[InstanceName]_QuickReport</DBName>
          <ServerInstallUser>[DatabaseServerUser]</ServerInstallUser>
          <ServerInstallUserPassword>[DatabaseServerUserPassword]</ServerInstallUserPassword>
          <DBUserName>[InstanceName]_QuickReportUser</DBUserName>
          <Roles>db_datareader;db_datawriter;db_ddladmin</Roles>
        </InstallParams>
      </AssignDBUserToDB>
      <CreateAppPool>
        <Item1>[InstanceName] QuickReport AppPool</Item1>
      </CreateAppPool>
      <AddApplicationToAppPool>
        <Item1>[InstanceName] QuickReport AppPool;[IISSiteID];/[VirtualPath];[RootDrive]Visma\wwwroot\[BIGRAM]\QuickReport</Item1>
      </AddApplicationToAppPool>
      <AddVirtualDir>
        <VDir1>/[InstanceName];[RootDrive]Visma\wwwroot\[InstanceName];[IISSiteID]</VDir1>
      </AddVirtualDir>
      <RunNeptuneScript>
        <Script1>[RootDrive]Visma\Install\VIW\WebServer\Base\Configuration\NeptuneConfigTool\ASCC.NeptuneConfig.exe;[RootDrive]Visma\Programs\Neptune\Menu\[InstanceName]\QuickReport;[RootDrive]Visma\Install\PublicInstaller\Logs\[InstanceName]\QuickReport\NeptuneScriptLog.log</Script1>
      </RunNeptuneScript>
      <EncryptConfigFiles>
        <Parameter>All</Parameter>
      </EncryptConfigFiles>
    </ActionsBeforeInstall>
    <ActionsAfterInstall>
    </ActionsAfterInstall>
    <ActionsBeforeUninstall>
      <DeleteWebApplication>
        <Item1>[InstanceName] QuickReport AppPool;[IISSiteID];/[VirtualPath];[RootDrive]Visma\wwwroot\[BIGRAM]\QuickReport</Item1>
      </DeleteWebApplication>
      <DeleteApplicationPool>
        <Item1>[InstanceName] QuickReport AppPool</Item1>
      </DeleteApplicationPool>
      <RemoveVirtualDir>
        <RemoveVDir1>/[InstanceName];[RootDrive]Visma\wwwroot\[InstanceName];[IISSiteID]</RemoveVDir1>
      </RemoveVirtualDir>
      <DeleteDir>
        <Item1>[RootDrive]Visma\wwwroot\[BIGRAM]\QuickReport</Item1>
      </DeleteDir>
    </ActionsBeforeUninstall>
  </QuickReport>
  <PWeb>
    <Info>
      <Version>17.2</Version>
      <ApplicationCategory>Personec P</ApplicationCategory>
    </Info>
    <Parameters></Parameters>
    <Media>
      <MSIPath>Install\PPP\WebServer\Base\Personec_P_Web_1720.msi" /qn /l*v</MSIPath>
      <MSICommandLine>"[LogPath]" INSTALLDIR="[InstallDir]" CICERON="[CiceronPath]" ACI_IIS_VIRTUALDIR_NAME="[VirtualDir]" APP_SECNAME="[InstanceName]" ACI_IIS_SITE="[IISSiteName]" ACI_IIS_SITE_NO="[IISSiteID]" ACI_IIS_CLIENT_PROTOCOL="[IISSiteClientProtocolType]" ACI_IIS_CLIENT_URL="[ClientURL]" APP_PMAUTHSERVICEURL="[PmAuthServiceURL]" APP_IIS_LOCALURL_SECURITYSERVICES="[PathToSecurityServices]" APP_IIS_URL_PSERVICES="[PServicesURL]" APP_WIF="1" APP_IIS_ADITRO_LOGON_URL="[LoginPath]" ACI_IIS_CERTIFICATE_THUMBPRINT="[VismaWindowCertificate]" APP_SECPATH="[RootDrive]Visma\Programs\Neptune" APP_DBMS="SQLSRV" APP_ODBCSOURCE="[ODBCName]" APP_PWEB_IIS="1" ACI_FT_USER="[InstanceName]_Sec" ACI_FT_PASSWORD="[InstancePassword]" ACI_FT_DOMAIN="[LocalComputerName]" APP_CONFIGINNEPTUNE="[ConfigInNeptune]" APP_DBAPISECTION="[DBAPISection]" ACI_SQLDB_SERVER="[PDatabaseServer]" ACI_SQLDB_DATABASE="[PDatabaseName]" ACI_SQLDB_USER="[PDatabaseUser]" ACI_SQLDB_PASSWORD="[PDatabaseUserPassword]" INSTANCENAME="[InstanceName]" InstanceId="[InstanceID]" TRANSFORMS="[Transforms]" MSINEWINSTANCE="[MSINewInstance]"</MSICommandLine>
    </Media>
    <ActionsBeforeInstall>
      <CreateFolder>
        <Folder1>[RootDrive]Visma\Install\PublicInstaller\Logs\[InstanceName]\PWeb\17.2</Folder1>
      </CreateFolder>
      <StopService>
        <Service1>Ciceron Server Manager</Service1>
        <Service2>Ciceron Name Service</Service2>
      </StopService>
    </ActionsBeforeInstall>
    <ActionsAfterInstall>
      <StartService>
        <Service1>Ciceron Name Service</Service1>
        <Service2>Ciceron Server Manager</Service2>
      </StartService>
      <SetParentPathTrue>
        <Application1>[IISSiteName]/[InstanceName]/Arbetsledare</Application1>
      </SetParentPathTrue>
      <RestoreConfigValues>
        <Arbetsledare>
          <appSettings>[InstallDir]\Personec_P_web\Lon\web.config;appSettings</appSettings>
        </Arbetsledare>
        <Arbetstagare>
          <appSettiongs>[InstallDir]\Personec_P_web\Arbetstagare\web.config;appSettings</appSettiongs>
        </Arbetstagare>
      </RestoreConfigValues>
    </ActionsAfterInstall>
    <ActionsBeforeUninstall>
      <StopAppPool>[InstanceName] Login AppPool</StopAppPool>
    </ActionsBeforeUninstall>
    <Archive>
      <Arbetstagare>
        <appSettings>
          <add key="AutoEjTidAvslut" value="True" />
          <add key="TravelShowHigherCompensationWarning" value="False" />
          <add key="WIFLogoutLink" value="https://Win2016Dev.local/viw/Login/?wa=wsignout1.0&amp;wtrealm=https://Win2016Dev.local/PPP/Arbetstagare/" />
          <add key="ValidationSettings:UnobtrusiveValidationMode" value="None" />
          <add key="AMFlexTileUseButtons" value="True" />
          <add key="AMSaldoTileMaxOtid" value="200" />
          <add key="AMSaldoTileShowSem" value="True" />
          <add key="AMSaldoTileMaxOkomp" value="50" />
          <add key="AMDashBoardPath" value="/PPP/Dashboard/Home/Get/1" />
          <add key="AMRunInIframePath" value="Arbetstagare" />
          <add key="VismaWindowOnly" value="False" />
          <add key="WindowsIdentityFoundationEnabled" value="True" />
          <add key="OblArbStalleVidKonto" value="False" />
          <add key="CheckAbsenceHighErrorMsgLevel" value="False" />
          <add key="ProxyPath" value="https://Win2016Dev.local/PPP/Arbetstagare/" />
          <add key="CheckCompensatoryBalance" value="-1" />
          <add key="AlltidKostAvdrag" value="False" />
          <add key="ArbtBemFranvorsak" value="False" />
          <add key="CheckOverDraft" value="False" />
          <add key="ShowDoctorInterface" value="False" />
          <add key="ShowRetro" value="False" />
          <add key="VarningGammalAvvTjg" value="True" />
          <add key="SkickaEmailFrMeddBemRes" value="False" />
          <add key="ActionLog" value="False" />
          <add key="TurbyteRastVarning" value="False" />
          <add key="PathToTravel" value="" />
          <add key="NeptuneSSO" value="False" />
          <add key="NeptuneConnectionName" value="viw" />
          <add key="DBPath" value="D:\Visma\Programs\Ciceron\" />
          <add key="DBAPISection" value="RE_ODBC" />
          <add key="ConfigInNeptune" value="True" />
        </appSettings>
      </Arbetstagare>
      <Lon>
        <appSettings>
          <add key="CurrencyServiceBindingName" value="BasicHttpsBinding_ICurrencyExchangeService" />
          <add key="BefolkningsregisterConfigName" value="" />
          <add key="BefolkningsregisterConfigFileName" value="" />
          <add key="AutoEjTidAvslut" value="True" />
          <add key="WIFLogoutLink" value="https://Win2016Dev.local/viw/Login/?wa=wsignout1.0&amp;wtrealm=https://Win2016Dev.local/PPP/Arbetsledare/" />
          <add key="IntegrationServices" value="https://Win2016Dev.local/DataMigrationSettings/" />
          <add key="ReportTool" value="https://Win2016Dev.local/PPP/PReportTool/" />
          <add key="ValidationSettings:UnobtrusiveValidationMode" value="None" />
          <add key="MaxRowsPageRebooking" value="40" />
          <add key="VismaWindowOnly" value="False" />
          <add key="WindowsIdentityFoundationEnabled" value="True" />
          <add key="StoppaNyAnmFGSemesterAr" value="False" />
          <add key="aspnet:MaxHttpCollectionKeys" value="5000" />
          <add key="LimitRetroactiveChanges" value="False" />
          <add key="BeviljaAktiviteter" value="False" />
          <add key="GfromAntDgr" value="0" />
          <add key="KostnKtrGodkEndOrg" value="False" />
          <add key="Kostnkontr2Koddelar" value="False" />
          <add key="VisaEjNetto" value="False" />
          <add key="VisaSocialaAvg" value="False" />
          <add key="KostnadskontDelavkod" value="False" />
          <add key="BatchManager.BatchStatus" value="PersonecP Batch Manager/BatchStatus" />
          <add key="SysPassword" value="" />
          <add key="SysUser" value="" />
          <add key="CheckOverDraft" value="False" />
          <add key="LogFailedLoginAttempts" value="False" />
          <add key="VarningSchema" value="False" />
          <add key="VarningGammalAvvTjg" value="True" />
          <add key="ShowPersonecExternalLink" value="True" />
          <add key="PathToTravel" value="" />
          <add key="UtdataServer" value="" />
          <add key="TurbyteRastVarning" value="False" />
          <add key="TurbyteAutoBevilja" value="False" />
          <add key="AllowStampCorrection" value="False" />
          <add key="ProxyPath" value="https://Win2016Dev.local/PPP/Arbetsledare/" />
          <add key="Bem_ForceOrgChoiceNiv" value="0" />
          <add key="MaxBemDays" value="31" />
          <add key="CrystalReports" value="True" />
          <add key="MeddelandeArbled" value="False" />
          <add key="PrenumArbled" value="False" />
          <add key="MaxrowsRapport" value="50" />
          <add key="LOGPath" value=".\" />
          <add key="INIPath" value=".\" />
          <add key="Use984" value="1" />
          <add key="CNSPort" value="30710" />
          <add key="CNSHost" value="127.0.0.1" />
          <add key="CSBPort" value="" />
          <add key="CSBHost" value="" />
          <add key="VikpoolKatVarning" value="False" />
          <add key="NeptuneSSO" value="False" />
          <add key="NeptuneConnectionName" value="viw" />
          <add key="DBPath" value="D:\Visma\Programs\Ciceron\" />
          <add key="DBAPISection" value="RE_ODBC" />
          <add key="ConfigInNeptune" value="True" />
        </appSettings>
      </Lon>
    </Archive>
  </PWeb>
  <PServices>
    <Info>
      <Version>17.2</Version>
      <ApplicationCategory>Personec P</ApplicationCategory>
    </Info>
    <Parameters></Parameters>
    <Media>
      <MSIPath>Install\PPP\WebServer\PServices\Personec_P_Services_1720.msi" /qn /l*v</MSIPath>
      <MSICommandLine>"[LogPath]" INSTALLDIR="[InstallDir]" ACI_NEPTUNE_CONFIGFILE_FOLDER="[RootDrive]Visma\Programs\Neptune" ACI_NEPTUNE_CONNECTIONNAME="[NeptuneConnectionName]" ACI_IIS_SITE="[IISSiteName]" ACI_IIS_SITE_NO="[IISSiteID]" ACI_IIS_SITE_PORT="[IISSiteProtocol]" ACI_IIS_CLIENT_PROTOCOL="[IISSiteClientProtocolType]" APP_IIS_LOCALURL_SECURITYSERVICES="[PathToSecurityServices]" APP_DBAPISECTION="[DBAPISection]" ACI_IIS_VIRTUALDIR_NAME="[VirtualDir]" InstanceId="[InstanceID]" TRANSFORMS="[Transforms]" MSINEWINSTANCE="[MSINewInstance]"</MSICommandLine>
    </Media>
    <ActionsBeforeInstall>
      <CreateFolder>
        <Folder1>[RootDrive]Visma\Install\PublicInstaller\Logs\[InstanceName]\PServices\17.2</Folder1>
      </CreateFolder>
    </ActionsBeforeInstall>
    <ActionsAfterInstall>
    </ActionsAfterInstall>
    <ActionsBeforeUninstall>
    </ActionsBeforeUninstall>
    <Archive>
      <Arbetstagare>
        <appSettings>
        </appSettings>
      </Arbetstagare>
      <Arbetsledare>
        <appSettings>
        </appSettings>
      </Arbetsledare>
    </Archive>
  </PServices>
  <ProceedoTile>
    <Info>
      <Version>18.1</Version>
      <ApplicationCategory>RoR</ApplicationCategory>
    </Info>
    <Parameters></Parameters>
    <Media>
      <MSIPath>
      </MSIPath>
      <MSICommandLine>
      </MSICommandLine>
    </Media>
    <ActionsBeforeInstall>
      <CreateFolder>
        <Folder1>[RootDrive]Visma\Install\PublicInstaller\Logs\[InstanceName]\ProceedoTile\18.1</Folder1>
      </CreateFolder>
    </ActionsBeforeInstall>
    <ActionsAfterInstall>
      <CopyDir>
        <Dir1>[RootDrive]Visma\Install\ViW\WebServer\Base\Packages\ProceedoTile;[RootDrive]Visma\wwwroot\[BIGRAM]\Tiles\ProceedoTile</Dir1>
      </CopyDir>
      <ReplaceInFiles>
        <Files>
          <File1>[RootDrive]Visma\wwwroot\[BIGRAM]\Tiles\ProceedoTile\WIFSettings.config</File1>
          <File2>[RootDrive]Visma\wwwroot\[BIGRAM]\Tiles\ProceedoTile\WIFServices.config</File2>
          <File3>[RootDrive]Visma\wwwroot\[BIGRAM]\Tiles\ProceedoTile\web.config</File3>
        </Files>
        <DataToReplace>
          <Item1>FQDN;[ClientURL]</Item1>
          <Item2>[INSTANCENAME];[InstanceName]</Item2>
          <Item3>THUMBPRINT;[VismaWindowCertificate]</Item3>
          <Item4>PROTOCOL;[IISSiteClientProtocolType]</Item4>
          <Item5>VIRTUALPATH;[VirtualPath]</Item5>
          <Item6>[Audience];[Audience]</Item6>
          <Item7>[ExpirationTimeMin];[ExpirationTimeMin]</Item7>
          <Item8>[Type];[Type]</Item8>
          <Item9>[ProceedoTokenSigningCertThumbprint];[ProceedoTokenSigningCertThumbprint]</Item9>
          <Item10>[ProceedoRequestURL];[ProceedoRequestURL]</Item10>
          <Item11>[RedirectLink];[RedirectLink]</Item11>
          <Item12>[RedirectLinkInFrame];[RedirectLinkInFrame]</Item12>
          <Item13>[RedirectToNewTab];[RedirectToNewTab]</Item13>
          <Item14>[ErrorLogging];[ErrorLogging]</Item14>
          <Item15>[PORGURL];[POrgURL]</Item15>
          <Item16>INSTANCENAME;[InstanceName]</Item16>
          <item17>[IssuerConst];[IssuerConst]</item17>
        </DataToReplace>
      </ReplaceInFiles>
      <CreateAppPool>
        <Item1>[InstanceName] ProceedoTile AppPool</Item1>
      </CreateAppPool>
      <AddApplicationToAppPool>
        <Item1>[InstanceName] ProceedoTile AppPool;[IISSiteID];/[VirtualPath];[RootDrive]Visma\wwwroot\[BIGRAM]\Tiles\ProceedoTile</Item1>
      </AddApplicationToAppPool>
      <AddVirtualDir>
        <VDir1>/[InstanceName];[RootDrive]Visma\wwwroot\[InstanceName];[IISSiteID]</VDir1>
        <VDir2>/[InstanceName]/Tiles;[RootDrive]Visma\wwwroot\[InstanceName]\Tiles;[IISSiteID]</VDir2>
      </AddVirtualDir>
      <EncryptConfigFiles>
        <Parameter>All</Parameter>
      </EncryptConfigFiles>
    </ActionsAfterInstall>
    <ActionsBeforeUninstall>
      <DeleteWebApplication>
        <Item1>[InstanceName] ProceedoTile AppPool;[IISSiteID];/[VirtualPath];[RootDrive]Visma\wwwroot\[BIGRAM]\Tiles\ProceedoTile</Item1>
      </DeleteWebApplication>
      <DeleteApplicationPool>
        <Item1>[InstanceName] ProceedoTile AppPool</Item1>
      </DeleteApplicationPool>
      <DeleteDir>
        <Item1>[RootDrive]Visma\wwwroot\[BIGRAM]\Tiles\ProceedoTile</Item1>
      </DeleteDir>
      <RemoveVirtualDir>
        <RemoveVDir1>/viw/Tiles;[RootDrive]Visma\wwwroot\[InstanceName]\Tiles;[IISSiteID]</RemoveVDir1>
        <RemoveVDir2>/viw;[RootDrive]Visma\wwwroot\[InstanceName];[IISSiteID]</RemoveVDir2>
      </RemoveVirtualDir>
    </ActionsBeforeUninstall>
  </ProceedoTile>
  <DashboardDBTool>
    <Info>
      <Version>2.0</Version>
      <ApplicationCategory>Visma Window</ApplicationCategory>
    </Info>
    <Parameters></Parameters>
    <Media>
      <MSIPath>Install\ViW\WebServer\Base\Packages\Dashboard 2.0\Database 2.0.0\Dashboard Database.msi" /qn /l*v</MSIPath>
      <MSICommandLine>"[LogPath]" APP_BRANDING="Visma" INSTALLDIR="[InstallDir]" INSTANCENAME="[InstanceName]" ACI_SQLDB_SERVER="[CoreDatabaseServer]" ACI_SQLDB_DATABASE="[CoreDatabaseName]" ACI_SQLDB_WINAUTH="false" ACI_SQLDB_USER="[CoreDatabaseUser]" ACI_SQLDB_PASSWORD="[CoreDatabaseUserPassword]" ACI_SQLDB_INSTALL_USER="[DatabaseServerUser]" ACI_SQLDB_INSTALL_PASSWORD="[DatabaseServerUserPassword]" APP_ENCRYPT="[Encryption]" APP_MULTITENANTMODE="[MultitenantMode]" InstanceId="[InstanceID]" TRANSFORMS="[Transforms]" MSINEWINSTANCE="[MSINewInstance]"</MSICommandLine>
    </Media>
    <ActionsBeforeInstall>
      <CreateFolder>
        <Folder1>[RootDrive]Visma\Install\PublicInstaller\Logs\[InstanceName]\Dashboard\2.0</Folder1>
      </CreateFolder>
    </ActionsBeforeInstall>
    <ActionsAfterInstall>
    </ActionsAfterInstall>
  </DashboardDBTool>
  <MenuDBTool>
    <Info>
      <Version>4.1</Version>
      <ApplicationCategory>Visma Window</ApplicationCategory>
    </Info>
    <Parameters></Parameters>
    <Media>
      <MSIPath>Install\ViW\WebServer\Base\Packages\Menu 4.1\Database 4.1.0\Menu Database.msi" /qn /l*v</MSIPath>
      <MSICommandLine>"[LogPath]" APP_BRANDING="Visma" INSTALLDIR="[InstallDir]" INSTANCENAME="[InstanceName]" ACI_SQLDB_SERVER="[CoreDatabaseServer]" ACI_SQLDB_DATABASE="[CoreDatabaseName]" ACI_SQLDB_WINAUTH="false" ACI_SQLDB_USER="[CoreDatabaseUser]" ACI_SQLDB_PASSWORD="[CoreDatabaseUserPassword]" ACI_SQLDB_INSTALL_USER="[DatabaseServerUser]" ACI_SQLDB_INSTALL_PASSWORD="[DatabaseServerUserPassword]" APP_ENCRYPT="[Encryption]" APP_MULTITENANTMODE="[MultitenantMode]" InstanceId="[InstanceID]" TRANSFORMS="[Transforms]" MSINEWINSTANCE="[MSINewInstance]"</MSICommandLine>
    </Media>
    <ActionsBeforeInstall>
      <CreateFolder>
        <Folder1>[RootDrive]Visma\Install\PublicInstaller\Logs\[InstanceName]\Menu\4.1</Folder1>
      </CreateFolder>
    </ActionsBeforeInstall>
    <ActionsAfterInstall>
    </ActionsAfterInstall>
  </MenuDBTool>
  <NeptuneDBTool>
    <Info>
      <Version>8.0</Version>
      <ApplicationCategory>Neptune</ApplicationCategory>
    </Info>
    <Parameters></Parameters>
    <Media>
      <MSIPath>[RootDrive]Visma\Install\ViW\WebServer\Base\Packages\Neptune 8.0\Neptune.Database.Installer.8.0.0\Neptune.Database.Installer.exe</MSIPath>
      <MSICommandLine>/provider:"System.Data.SqlClient" /sqlserver:"[DatabaseServer]" /user:"[DatabaseServerUser]/[DatabaseServerUserPassword]" /database:"[NeptuneDBName]" /neptuneAdmin:"[NeptuneDBUserAdmin]/[NeptuneDBUserAdminPassword]" /databaseAdmin:"[NeptuneUserAdmin]/[NeptuneUserAdminPassword]" /neptuneUser:"[NeptuneUserForConnect]/[NeptuneUserForConnectPassword]" /neptuneConfigurationPath:"[RootDrive]Visma\Programs\Neptune" /connectionName:"[NeptuneConnectionName]" /configuration:"MsSqlUpgrade" /logFile:"[LogPath]\{TimeStamp}NeptuneDBUpd.log" /neptuneConfigurationAction:"Upgrade" /neptuneReport:"[NeptuneReportUser]/[NeptuneReportUserPassword]"</MSICommandLine>
    </Media>
    <ActionsBeforeInstall>
      <CreateFolder>
        <Folder1>[RootDrive]Visma\Install\PublicInstaller\Logs\[InstanceName]</Folder1>
      </CreateFolder>
      <RunProcess>
        <Process1>[RootDrive]Visma\Install\ViW\WebServer\Base\Packages\Neptune 8.0\Neptune.Database.Installer.8.0.0\Neptune.Database.Installer.exe;/provider:"System.Data.SqlClient" /sqlserver:"[DatabaseServer]" /silent /user:"[DatabaseServerUser]/[DatabaseServerUserPassword]" /database:"[NeptuneDBName]" /neptuneAdmin:"[NeptuneDBUserAdmin]/[NeptuneDBUserAdminPassword]" /databaseAdmin:"[NeptuneUserAdmin]/[NeptuneUserAdminPassword]" /neptuneUser:"[NeptuneUserForConnect]/[NeptuneUserForConnectPassword]" /neptuneConfigurationPath:"[RootDrive]Visma\Programs\Neptune" /connectionName:"[NeptuneConnectionName]" /configuration:"MsSqlUpgrade" /logFile:"[LogPath]\{TimeStamp}NeptuneDBUpd.log" /neptuneConfigurationAction:"Upgrade" /neptuneReport:"[NeptuneReportUser]/[NeptuneReportUserPassword]</Process1>
      </RunProcess>
    </ActionsBeforeInstall>
  </NeptuneDBTool>
  <TestApp>
    <Parameters>
      <Rune>Tjenas!</Rune>
      <ShowInApplicationList>False</ShowInApplicationList>
      <InstanceName>[InstanceName]_App_[ClientURL]</InstanceName>
    </Parameters>
    <Optional>
      <InstanceName>[InstanceName]_Opt_[Rune]</InstanceName>
    </Optional>
  </TestApp>
</Applications>