<BackupInst xmlns="http://www.microsoft.com/GroupPolicy/GPOOperations/Manifest"><GPOGuid><![CDATA[{77AD4F2D-5C5B-4F32-9AD4-7AEA8A001E4C}]]></GPOGuid><GPODomain><![CDATA[corp.cygatelab.org]]></GPODomain><GPODomainGuid><![CDATA[{eb82fa61-e684-47e7-a2fa-279a7b4052ba}]]></GPODomainGuid><GPODomainController><![CDATA[DC01.corp.cygatelab.org]]></GPODomainController><BackupTime><![CDATA[2025-10-08T12:29:36]]></BackupTime><ID><![CDATA[{253A8FFF-3EAA-468E-87ED-E1E9CE1ED274}]]></ID><Comment><![CDATA[]]></Comment><GPODisplayName><![CDATA[SCCM Firewall Local Admin]]></GPODisplayName></BackupInst>
