﻿<Applications>
  <InstanceCommon>
    <Parameters>
      <CommonStorageToolPath>Visma\Install\FDN\CST\WebServer\Service\SW\19200\ConfigurationTool\Aditro.Foundation.CommonStorage.ConfigurationTool.exe</CommonStorageToolPath>
    </Parameters>
  </InstanceCommon>

  <Login>
    <Parameters>
      <NeptuneScriptfilesFolder>[RootDrive]Visma\Programs\Neptune\Menu\[InstanceName]\LGN</NeptuneScriptfilesFolder>
    </Parameters>
  </Login>

  <Menu>
    <Parameters>
      <NeptuneScriptfilesFolder>[RootDrive]Visma\Programs\Neptune\Menu\[InstanceName]\MNU</NeptuneScriptfilesFolder>
    </Parameters>
  </Menu>

  <Dashboard>
    <Parameters>
      <NeptuneScriptfilesFolder>[RootDrive]Visma\Programs\Neptune\Menu\[InstanceName]\DSB</NeptuneScriptfilesFolder>
    </Parameters>
  </Dashboard>
  
  <Authentication_And_Authorization>
    <Parameters>
      <NeptuneScriptfilesFolder>[RootDrive]Visma\Programs\Neptune\Menu\[InstanceName]\AAA</NeptuneScriptfilesFolder>
    </Parameters>
  </Authentication_And_Authorization>

  <Scheduler>
    <Parameters>
      <NeptuneScriptfilesFolder>[RootDrive]Visma\Programs\Neptune\Menu\[InstanceName]\SCH</NeptuneScriptfilesFolder>
    </Parameters>
  </Scheduler>

  <Currency>
    <Parameters>
      <NeptuneScriptfilesFolder>[RootDrive]Visma\Programs\Neptune\Menu\[InstanceName]\CUR</NeptuneScriptfilesFolder>
    </Parameters>
  </Currency>

  <Neptune_Web>
    <Parameters>
      <NeptuneScriptfilesFolder>[RootDrive]Visma\Programs\Neptune\Menu\[InstanceName]\NTW</NeptuneScriptfilesFolder>
    </Parameters>
  </Neptune_Web>

  <AWPublic>
    <Parameters>
      <NeptuneScriptfilesFolder>[RootDrive]Visma\Programs\Neptune\Menu\[InstanceName]\AWP</NeptuneScriptfilesFolder>
    </Parameters>
  </AWPublic>

  <StratSys>
    <Parameters>
      <NeptuneScriptfilesFolder>[RootDrive]Visma\Programs\Neptune\Menu\[InstanceName]\STR</NeptuneScriptfilesFolder>
    </Parameters>
    </StratSys>

    <QuickReport>
      <Parameters>
        <NeptuneScriptfilesFolder>[RootDrive]Visma\Programs\Neptune\Menu\[InstanceName]\QRP</NeptuneScriptfilesFolder>
      </Parameters>
    </QuickReport>
  </Applications>
