﻿<Applications>
  <InstanceCommon>
    <Parameters>
      <CommonStorageToolPath>Visma\Install\FDN\CST\WebServer\Service\SW\19200\ConfigurationTool\Aditro.Foundation.CommonStorage.ConfigurationTool.exe</CommonStorageToolPath>
    </Parameters>
  </InstanceCommon>

  <Login>
    <Parameters>
      <NeptuneScriptfilesFolder>[RootDrive]Visma\Programs\Neptune\Menu\[InstanceName]\LGN</NeptuneScriptfilesFolder>
    </Parameters>
  </Login>

  <Menu>
    <Info>
      <Version>19.2.1.0</Version>
      <ApplicationCategory>Visma Window</ApplicationCategory>
    </Info>
    <Parameters>
      <NeptuneScriptfilesFolder>[RootDrive]Visma\Programs\Neptune\Menu\[InstanceName]\MNU</NeptuneScriptfilesFolder>
    </Parameters>
	<Media>
      <MSIPath>Install\FDN\MNU\WebServer\Base\SW\19210\MNUw_19210.msi" /qn /l*v</MSIPath>
      <MSICommandLine>"[LogPath]" APP_BRANDING="Visma" APP_CUSTOMER_NAME="[InstanceName]" INSTALLDIR="[InstallDir]" HCUSERNAME="[HealthCheckUsername]" HCPASSWD="[HealthCheckPassword]" LOGIN_URL="[HomeRealmUrl]" INSTALLDIR_PROGRAMS="[RootDrive]Visma\Programs" INSTANCENAME="[InstanceName]" ACI_PRODUCTNAME="[ProductName] - [InstanceName]" ACI_IIS_SITE="[IISSiteName]" ACI_IIS_SITE_NO="[IISSiteID]" ACI_IIS_SITE_PORT="[IISSiteProtocol]" ACI_IIS_VIRTUALDIR="[InstanceName]" ACI_IIS_CLIENT_PROTOCOL="[IISSiteClientProtocolType]" ACI_IIS_SSL_OFFLOAD="false" ACI_IIS_CLIENT_URL="[ClientURL]/[InstanceName]" ACI_IIS_CERTIFICATE_THUMBPRINT="[VismaWindowCertificate]" ACI_SQLDB_SERVER="[CoreDatabaseServer]" ACI_SQLDB_DATABASE="[CoreDatabaseName]" ACI_SQLDB_WINAUTH="false" ACI_SQLDB_USER="[CoreDatabaseUser]" ACI_SQLDB_PASSWORD="[CoreDatabaseUserPassword]" ACI_SQLDB_INSTALL_USER="[DatabaseServerUser]" ACI_SQLDB_INSTALL_PASSWORD="[DatabaseServerUserPassword]" ACI_AD_DOMAIN="[SecurityServicesUserDomain]" ACI_AD_USER="[IISUser]" ACI_AD_PASSWORD="[IISUserPassword]" ACI_NEPTUNE_SCRIPTFILES_FOLDER="[NeptuneScriptfilesFolder]" APP_ENCRYPT="[Encryption]" APP_MULTITENANTMODE="[MultitenantMode]" InstanceId="[InstanceID]" TRANSFORMS="[Transforms]" MSINEWINSTANCE="[MSINewInstance]"</MSICommandLine>
    </Media>
  </Menu>

  <Dashboard>
    <Parameters>
      <NeptuneScriptfilesFolder>[RootDrive]Visma\Programs\Neptune\Menu\[InstanceName]\DSB</NeptuneScriptfilesFolder>
    </Parameters>
  </Dashboard>
  
  <Authentication_And_Authorization>
    <Parameters>
      <NeptuneScriptfilesFolder>[RootDrive]Visma\Programs\Neptune\Menu\[InstanceName]\AAA</NeptuneScriptfilesFolder>
    </Parameters>
  </Authentication_And_Authorization>

  <Scheduler>
    <Parameters>
      <NeptuneScriptfilesFolder>[RootDrive]Visma\Programs\Neptune\Menu\[InstanceName]\SCH</NeptuneScriptfilesFolder>
    </Parameters>
  </Scheduler>

  <Currency>
    <Parameters>
      <NeptuneScriptfilesFolder>[RootDrive]Visma\Programs\Neptune\Menu\[InstanceName]\CUR</NeptuneScriptfilesFolder>
    </Parameters>
  </Currency>

  <Neptune_Web>
    <Parameters>
      <NeptuneScriptfilesFolder>[RootDrive]Visma\Programs\Neptune\Menu\[InstanceName]\NTW</NeptuneScriptfilesFolder>
    </Parameters>
  </Neptune_Web>

  <AWPublic>
    <Parameters>
      <NeptuneScriptfilesFolder>[RootDrive]Visma\Programs\Neptune\Menu\[InstanceName]\AWP</NeptuneScriptfilesFolder>
    </Parameters>
  </AWPublic>

  <StratSys>
    <Parameters>
      <NeptuneScriptfilesFolder>[RootDrive]Visma\Programs\Neptune\Menu\[InstanceName]\STR</NeptuneScriptfilesFolder>
    </Parameters>
    </StratSys>

    <QuickReport>
      <Parameters>
        <NeptuneScriptfilesFolder>[RootDrive]Visma\Programs\Neptune\Menu\[InstanceName]\QRP</NeptuneScriptfilesFolder>
      </Parameters>
    </QuickReport>
  </Applications>
