﻿<Applications>
  <InstanceCommon>
    <Parameters>
      <CommonStorageToolPath>Visma\Install\FDN\CST\WebServer\Service\SW\[TOCVersion]\ConfigurationTool\Aditro.Foundation.CommonStorage.ConfigurationTool.exe</CommonStorageToolPath>
      <CommonStorageImportLogPath>Visma\Install\FDN\PIN\Client\Base\SW\[TOCVersion]\Logs\CommonStorageImport.txt</CommonStorageImportLogPath>
    </Parameters>
  </InstanceCommon>

  <Login>
    <Parameters>
      <NeptuneScriptfilesFolder>[RootDrive]Visma\Programs\Neptune\Menu\[InstanceName]\LGN</NeptuneScriptfilesFolder>
    </Parameters>
  </Login>

  <Menu>
    <Parameters>
      <NeptuneScriptfilesFolder>[RootDrive]Visma\Programs\Neptune\Menu\[InstanceName]\MNU</NeptuneScriptfilesFolder>
    </Parameters>
  </Menu>

  <Dashboard>
    <Parameters>
      <NeptuneScriptfilesFolder>[RootDrive]Visma\Programs\Neptune\Menu\[InstanceName]\DSB</NeptuneScriptfilesFolder>
    </Parameters>
  </Dashboard>

  <Authentication_And_Authorization>
    <Parameters>
      <NeptuneScriptfilesFolder>[RootDrive]Visma\Programs\Neptune\Menu\[InstanceName]\AAA</NeptuneScriptfilesFolder>
    </Parameters>
  </Authentication_And_Authorization>

  <Scheduler>
    <Parameters>
      <NeptuneScriptfilesFolder>[RootDrive]Visma\Programs\Neptune\Menu\[InstanceName]\SCH</NeptuneScriptfilesFolder>
    </Parameters>
  </Scheduler>

  <Currency>
    <Parameters>
      <NeptuneScriptfilesFolder>[RootDrive]Visma\Programs\Neptune\Menu\[InstanceName]\CUR</NeptuneScriptfilesFolder>
    </Parameters>
  </Currency>

  <Neptune_Web>
    <Parameters>
      <NeptuneScriptfilesFolder>[RootDrive]Visma\Programs\Neptune\Menu\[InstanceName]\NTW</NeptuneScriptfilesFolder>
    </Parameters>
  </Neptune_Web>

  <AWPublic>
    <Parameters>
      <NeptuneScriptfilesFolder>[RootDrive]Visma\Programs\Neptune\Menu\[InstanceName]\AWP</NeptuneScriptfilesFolder>
    </Parameters>
  </AWPublic>

  <StratSys>
    <Parameters>
      <NeptuneScriptfilesFolder>[RootDrive]Visma\Programs\Neptune\Menu\[InstanceName]\STR</NeptuneScriptfilesFolder>
    </Parameters>
  </StratSys>

  <ProceedoTile>
    <Parameters>
      <ProceedoRequestURL>https://www.proceedo.net/public-api/rest/to-handle?</ProceedoRequestURL>
    </Parameters>
  </ProceedoTile>
  
  <QuickReport>
    <Parameters>
      <NeptuneScriptfilesFolder>[RootDrive]Visma\Programs\Neptune\Menu\[InstanceName]\QRP</NeptuneScriptfilesFolder>
      <RunNeptuneScripts>false</RunNeptuneScripts>
    </Parameters>
  </QuickReport>

  <Visma_Inköp_and_Faktura_Web_Tile>
    <Parameters>
      <ACI_IIS_APP_NAME>IOFwt</ACI_IIS_APP_NAME>
      <PRODUCTNAMESTATIC>[ProductName]</PRODUCTNAMESTATIC>
      <PRODUCTNAMESHORTSTATIC>IOFwt</PRODUCTNAMESHORTSTATIC>
    </Parameters>
  </Visma_Inköp_and_Faktura_Web_Tile>

  <ServerType>
    <Parameters>
      <ServerTypeVersion>202</ServerTypeVersion>
      <ServerTypeScriptPath>[RootDrive]Visma\Install\PreInstall\WebServer\Scripts\PowerShell\</ServerTypeScriptPath>
   </Parameters>
  </ServerType>
</Applications>
