﻿<Applications>
  <InstanceCommon>
    <Parameters>
	  <InstallMode>LOCAL</InstallMode>
      <CommonStorageToolPath>Visma\Install\FDN\CST\WebServer\Service\SW\[TOCVersion]\ConfigurationTool\Aditro.Foundation.CommonStorage.ConfigurationTool.exe</CommonStorageToolPath>
      <CommonStorageImportLogPath>Visma\Install\FDN\PIN\Client\Base\SW\[TOCVersion]\Logs\CommonStorageImport.txt</CommonStorageImportLogPath>
    </Parameters>
  </InstanceCommon>

  <Login>
    <Parameters>
      <NeptuneScriptfilesFolder>[RootDrive]Visma\Programs\Neptune\Menu\[InstanceName]\LGN</NeptuneScriptfilesFolder>
    </Parameters>
  </Login>

  <Menu>
    <Parameters>
      <NeptuneScriptfilesFolder>[RootDrive]Visma\Programs\Neptune\Menu\[InstanceName]\MNU</NeptuneScriptfilesFolder>
    </Parameters>
  </Menu>

  <Dashboard>
    <Parameters>
      <NeptuneScriptfilesFolder>[RootDrive]Visma\Programs\Neptune\Menu\[InstanceName]\DSB</NeptuneScriptfilesFolder>
    </Parameters>
  </Dashboard>

  <Authentication_And_Authorization>
    <Parameters>
      <NeptuneScriptfilesFolder>[RootDrive]Visma\Programs\Neptune\Menu\[InstanceName]\AAA</NeptuneScriptfilesFolder>
    </Parameters>
  </Authentication_And_Authorization>

  <Messenger>
    <Parameters>
      <ProductName>Visma Messenger</ProductName>
      <MultitenantMode>true</MultitenantMode>
      <Encryption>True</Encryption>
      <InstallDir>[RootDrive]Visma\Wwwroot\Services\Messenger</InstallDir>
      <IISUser>[IISUser]</IISUser>
      <IISUserPassword>[IISUserPassword]</IISUserPassword>
      <LogPath>[RootDrive]Visma\Install\FDN\PIN\Client\Base\SW\[TOCVersion]\Logs\[InstanceName]\MSG\[TOCProductVersion]\{TimeStamp}Messenger.log</LogPath>
      <MessengerDatabaseServer>[DatabaseServer]</MessengerDatabaseServer>
      <MessengerDatabeseName>Visma_Messenger</MessengerDatabeseName>
      <MessengerDatabaseUser>VISMA_[InstanceName]_MessengerUser</MessengerDatabaseUser>
      <MessengerDatabasePassword>[DatabaseServerUserPassword]</MessengerDatabasePassword>
      <MessengerScriptPath>[RootDrive]Visma\Wwwroot\Services\Messenger\Scripts\</MessengerScriptPath>
      <MessengerMultitenantMode>header</MessengerMultitenantMode>
      <MessengerConfigPath>[RootDrive]Visma\Wwwroot\Services\Messenger</MessengerConfigPath>
      <VirtualPath>Services/Messenger</VirtualPath>
      <NetCorePath>Visma\Install\PreInstall\WebServer\Scripts\PowerShell\</NetCorePath>
      <LogPathCore>[RootDrive]Visma\Install\FDN\PIN\Client\Base\SW\[TOCVersion]\Logs\[InstanceName]\MSG\[TOCProductVersion]\{TimeStamp}Messenger.txt</LogPathCore>
      <EncryptionData>
        <Item1>MessengerConfigFiles</Item1>
      </EncryptionData>
      <NoMSI>True</NoMSI>
    </Parameters>
  </Messenger>

  <Scheduler>
    <Parameters>
      <NeptuneScriptfilesFolder>[RootDrive]Visma\Programs\Neptune\Menu\[InstanceName]\SCH</NeptuneScriptfilesFolder>
    </Parameters>
  </Scheduler>

  <Currency>
    <Parameters>
      <NeptuneScriptfilesFolder>[RootDrive]Visma\Programs\Neptune\Menu\[InstanceName]\CUR</NeptuneScriptfilesFolder>
    </Parameters>
  </Currency>

  <Neptune_Web>
    <Parameters>
      <NeptuneScriptfilesFolder>[RootDrive]Visma\Programs\Neptune\Menu\[InstanceName]\NTW</NeptuneScriptfilesFolder>
    </Parameters>
  </Neptune_Web>

  <AWPublic>
    <Parameters>
      <NeptuneScriptfilesFolder>[RootDrive]Visma\Programs\Neptune\Menu\[InstanceName]\AWP</NeptuneScriptfilesFolder>
      <EPassiURL>https://services.epassi.se/ui/login</EPassiURL>
    </Parameters>
  </AWPublic>

  <StratSys>
    <Parameters>
      <NeptuneScriptfilesFolder>[RootDrive]Visma\Programs\Neptune\Menu\[InstanceName]\STR</NeptuneScriptfilesFolder>
    </Parameters>
  </StratSys>

  <ProceedoTile>
    <Parameters>
      <ProceedoRequestURL>https://www.proceedo.net/public-api/rest/to-handle?</ProceedoRequestURL>
    </Parameters>
  </ProceedoTile>
  
  <QuickReport>
    <Parameters>
      <NeptuneScriptfilesFolder>[RootDrive]Visma\Programs\Neptune\Menu\[InstanceName]\QRP</NeptuneScriptfilesFolder>
      <RunNeptuneScripts>false</RunNeptuneScripts>
    </Parameters>
  </QuickReport>

  <Visma_Inköp_and_Faktura_Web_Tile>
    <Parameters>
      <ACI_IIS_APP_NAME>IOFwt</ACI_IIS_APP_NAME>
      <PRODUCTNAMESTATIC>[ProductName]</PRODUCTNAMESTATIC>
      <PRODUCTNAMESHORTSTATIC>IOFwt</PRODUCTNAMESHORTSTATIC>
    </Parameters>
  </Visma_Inköp_and_Faktura_Web_Tile>

  <ServerType>
    <Parameters>
      <ServerTypeVersion>211</ServerTypeVersion>
      <ServerTypeScriptPath>[RootDrive]Visma\Install\PreInstall\WebServer\Scripts\PowerShell\</ServerTypeScriptPath>
	    <ServerTypeScriptName>ServerType70.ps1</ServerTypeScriptName>
      <ServerTypeArguments>-WebServer -WebSiteName [BIGRAM] -WebSite_FQDN [ClientURL] -Area [InstallMode] -SupressReboot</ServerTypeArguments>
   </Parameters>
  </ServerType>

  <NeptuneDBTool>
    <Media>
      <MSIPath>[RootDrive]Visma\Install\FDN\NDT\DatabaseServer\Base\SW\[TOCVersion]\Neptune.Database.Installer.exe</MSIPath>
      <MSICommandLine>/provider:"System.Data.SqlClient" /sqlserver:"[DatabaseServer]" /user:"[DatabaseServerUser]/[DatabaseServerUserPassword]" /database:"[NeptuneDBName]" /neptuneAdmin:"[NeptuneDBUserAdmin]/[NeptuneDBUserAdminPassword]" /databaseAdmin:"[NeptuneUserAdmin]/[NeptuneUserAdminPassword]" /neptuneUser:"[NeptuneUserForConnect]/[NeptuneUserForConnectPassword]" /neptuneConfigurationPath:"[RootDrive]Visma\Programs\Neptune" /connectionName:"[NeptuneConnectionName]" /configuration:"MsSqlUpgrade" /logFile:"[LogPath]" /neptuneConfigurationAction:"Upgrade" /neptuneReport:"[NeptuneReportUser]/[NeptuneReportUserPassword]"</MSICommandLine>
    </Media>
    <ActionsBeforeInstall>
      <RunProcess>
        <Process1>[RootDrive]Visma\Install\FDN\NDT\DatabaseServer\Base\SW\[TOCVersion]\Neptune.Database.Installer.exe;/provider:"System.Data.SqlClient" /sqlserver:"[DatabaseServer]" /silent /user:"[DatabaseServerUser]/[DatabaseServerUserPassword]" /database:"[NeptuneDBName]" /neptuneAdmin:"[NeptuneDBUserAdmin]/[NeptuneDBUserAdminPassword]" /databaseAdmin:"[NeptuneUserAdmin]/[NeptuneUserAdminPassword]" /neptuneUser:"[NeptuneUserForConnect]/[NeptuneUserForConnectPassword]" /neptuneConfigurationPath:"[RootDrive]Visma\Programs\Neptune" /connectionName:"[NeptuneConnectionName]" /configuration:"MsSqlUpgrade" /logFile:"[LogPath]" /neptuneConfigurationAction:"Upgrade" /neptuneReport:"[NeptuneReportUser]/[NeptuneReportUserPassword]</Process1>
      </RunProcess>
    </ActionsBeforeInstall>
  </NeptuneDBTool>

  <Common_Storage>
    <Parameters>
      <CommonStorageDatabaseServer>[CommonStorageDatabaseServer]</CommonStorageDatabaseServer>
    </Parameters>
  </Common_Storage>
</Applications>
