<Backups xmlns="http://www.microsoft.com/GroupPolicy/GPOOperations/Manifest" xmlns:mfst="http://www.microsoft.com/GroupPolicy/GPOOperations/Manifest" mfst:version="1.0"><BackupInst><GPOGuid><![CDATA[{F841B137-84CF-4E8F-9B30-95FAFFF2113F}]]></GPOGuid><GPODomain><![CDATA[corp.viamonstra.com]]></GPODomain><GPODomainGuid><![CDATA[{04a96e14-6a71-4f86-9927-3280c47c91e0}]]></GPODomainGuid><GPODomainController><![CDATA[DC01.corp.viamonstra.com]]></GPODomainController><BackupTime><![CDATA[2023-09-27T07:53:26]]></BackupTime><ID><![CDATA[{2EB6B3E9-962A-4D27-B52D-ADBF63F7BCB1}]]></ID><Comment><![CDATA[]]></Comment><GPODisplayName><![CDATA[MEMCM Client FW Rules]]></GPODisplayName></BackupInst></Backups>