<?xml version="1.0" encoding="utf-8"?>
<Groups clsid="{3125E937-EB16-4b4c-9934-544FC6D24D26}"><Group clsid="{6D4A79E4-529C-4481-ABD0-F5BD7EA93BA7}" name="Administrators (built-in)" image="2" changed="2024-11-29 15:26:22" uid="{86227CE7-DEE5-421C-B05B-2EA6A634E2AA}"><Properties action="U" newName="" description="" deleteAllUsers="0" deleteAllGroups="0" removeAccounts="0" groupSid="S-1-5-32-544" groupName="Administrators (built-in)"><Members><Member name="CYGATELAB\Domain Admins" action="ADD" sid="S-1-5-21-1737899706-398372143-3496157960-512"/><Member name="CYGATELAB\CM01$" action="ADD" sid="S-1-5-21-1737899706-398372143-3496157960-1118"/></Members></Properties></Group>
</Groups>
