<?xml version="1.0" encoding="utf-8"?><!-- Copyright (c) Microsoft Corporation.  All rights reserved. --><GroupPolicyBackupScheme bkp:version="2.0" bkp:type="GroupPolicyBackupTemplate" xmlns:bkp="http://www.microsoft.com/GroupPolicy/GPOOperations" xmlns="http://www.microsoft.com/GroupPolicy/GPOOperations">
    <GroupPolicyObject><SecurityGroups><Group><Sid/><SamAccountName><![CDATA[Administrators]]></SamAccountName><Type><![CDATA[Unknown]]></Type><NetBIOSDomainName/><DnsDomainName/><UPN/></Group><Group><Sid><![CDATA[S-1-5-21-2529896251-1149448892-2339911635-500]]></Sid><SamAccountName><![CDATA[Administrator]]></SamAccountName><Type><![CDATA[User]]></Type><NetBIOSDomainName><![CDATA[VIAMONSTRA]]></NetBIOSDomainName><DnsDomainName><![CDATA[corp.viamonstra.com]]></DnsDomainName><UPN><![CDATA[Administrator@corp.viamonstra.com]]></UPN></Group><Group bkp:Source="FromDACL"><Sid><![CDATA[S-1-5-21-2529896251-1149448892-2339911635-519]]></Sid><SamAccountName><![CDATA[Enterprise Admins]]></SamAccountName><Type><![CDATA[UniversalGroup]]></Type><NetBIOSDomainName><![CDATA[VIAMONSTRA]]></NetBIOSDomainName><DnsDomainName><![CDATA[corp.viamonstra.com]]></DnsDomainName><UPN><![CDATA[Enterprise Admins@corp.viamonstra.com]]></UPN></Group><Group bkp:Source="FromDACL"><Sid><![CDATA[S-1-5-21-2529896251-1149448892-2339911635-512]]></Sid><SamAccountName><![CDATA[Domain Admins]]></SamAccountName><Type><![CDATA[GlobalGroup]]></Type><NetBIOSDomainName><![CDATA[VIAMONSTRA]]></NetBIOSDomainName><DnsDomainName><![CDATA[corp.viamonstra.com]]></DnsDomainName><UPN><![CDATA[Domain Admins@corp.viamonstra.com]]></UPN></Group><Group><Sid><![CDATA[S-1-5-21-2529896251-1149448892-2339911635-1106]]></Sid><SamAccountName><![CDATA[CM_CP]]></SamAccountName><Type><![CDATA[User]]></Type><NetBIOSDomainName><![CDATA[VIAMONSTRA]]></NetBIOSDomainName><DnsDomainName><![CDATA[corp.viamonstra.com]]></DnsDomainName><UPN><![CDATA[CM_CP@corp.viamonstra.com]]></UPN></Group></SecurityGroups><FilePaths/><GroupPolicyCoreSettings><ID><![CDATA[{97920916-6AD4-471D-8B5D-C75E497F73D1}]]></ID><Domain><![CDATA[corp.viamonstra.com]]></Domain><SecurityDescriptor>01 00 04 9c 00 00 00 00 00 00 00 00 00 00 00 00 14 00 00 00 04 00 c8 00 07 00 00 00 05 02 28 00 00 01 00 00 01 00 00 00 8f fd ac ed b3 ff d1 11 b4 1d 00 a0 c9 68 f9 39 01 01 00 00 00 00 00 05 0b 00 00 00 00 02 24 00 ff 00 0f 00 01 05 00 00 00 00 00 05 15 00 00 00 3b 27 cb 96 bc 32 83 44 d3 37 78 8b 00 02 00 00 00 02 24 00 ff 00 0f 00 01 05 00 00 00 00 00 05 15 00 00 00 3b 27 cb 96 bc 32 83 44 d3 37 78 8b 07 02 00 00 00 02 14 00 94 00 02 00 01 01 00 00 00 00 00 05 09 00 00 00 00 02 14 00 94 00 02 00 01 01 00 00 00 00 00 05 0b 00 00 00 00 02 14 00 ff 00 0f 00 01 01 00 00 00 00 00 05 12 00 00 00 00 0a 14 00 ff 00 0f 00 01 01 00 00 00 00 00 03 00 00 00 00</SecurityDescriptor><DisplayName><![CDATA[MECM Client Push Account]]></DisplayName><Options><![CDATA[1]]></Options><UserVersionNumber><![CDATA[0]]></UserVersionNumber><MachineVersionNumber><![CDATA[196611]]></MachineVersionNumber><MachineExtensionGuids><![CDATA[[{827D319E-6EAC-11D2-A4EA-00C04F79F83A}{803E14A0-B4FB-11D0-A0D0-00A0C90F574B}]]]></MachineExtensionGuids><UserExtensionGuids/><WMIFilter/></GroupPolicyCoreSettings> 
        <GroupPolicyExtension bkp:ID="{35378EAC-683F-11D2-A89A-00C04FBBCFA2}" bkp:DescName="Registry">
            
            
            <FSObjectFile bkp:Path="%GPO_FSPATH%\Adm\*.*" bkp:SourceExpandedPath="\\DC01.corp.viamonstra.com\sysvol\corp.viamonstra.com\Policies\{97920916-6AD4-471D-8B5D-C75E497F73D1}\Adm\*.*"/>
        </GroupPolicyExtension>
        
        
        
        
        <GroupPolicyExtension bkp:ID="{827D319E-6EAC-11D2-A4EA-00C04F79F83A}" bkp:DescName="Security">
            <FSObjectFile bkp:Path="%GPO_MACH_FSPATH%\microsoft\windows nt\SecEdit\GptTmpl.inf" bkp:SourceExpandedPath="\\DC01.corp.viamonstra.com\sysvol\corp.viamonstra.com\Policies\{97920916-6AD4-471D-8B5D-C75E497F73D1}\Machine\microsoft\windows nt\SecEdit\GptTmpl.inf" bkp:ReEvaluateFunction="SecurityValidateSettings" bkp:Location="DomainSysvol\GPO\Machine\microsoft\windows nt\SecEdit\GptTmpl.inf"/>
        </GroupPolicyExtension>
        
        
        
        
    <GroupPolicyExtension bkp:ID="{F15C46CD-82A0-4C2D-A210-5D0D3182A418}" bkp:DescName="Unknown Extension"><FSObjectDir bkp:Path="%GPO_MACH_FSPATH%\Microsoft" bkp:SourceExpandedPath="\\DC01.corp.viamonstra.com\sysvol\corp.viamonstra.com\Policies\{97920916-6AD4-471D-8B5D-C75E497F73D1}\Machine\Microsoft" bkp:Location="DomainSysvol\GPO\Machine\Microsoft"/><FSObjectDir bkp:Path="%GPO_MACH_FSPATH%\Microsoft\Windows NT" bkp:SourceExpandedPath="\\DC01.corp.viamonstra.com\sysvol\corp.viamonstra.com\Policies\{97920916-6AD4-471D-8B5D-C75E497F73D1}\Machine\Microsoft\Windows NT" bkp:Location="DomainSysvol\GPO\Machine\Microsoft\Windows NT"/><FSObjectDir bkp:Path="%GPO_MACH_FSPATH%\Microsoft\Windows NT\SecEdit" bkp:SourceExpandedPath="\\DC01.corp.viamonstra.com\sysvol\corp.viamonstra.com\Policies\{97920916-6AD4-471D-8B5D-C75E497F73D1}\Machine\Microsoft\Windows NT\SecEdit" bkp:Location="DomainSysvol\GPO\Machine\Microsoft\Windows NT\SecEdit"/><FSObjectDir bkp:Path="%GPO_MACH_FSPATH%\Scripts" bkp:SourceExpandedPath="\\DC01.corp.viamonstra.com\sysvol\corp.viamonstra.com\Policies\{97920916-6AD4-471D-8B5D-C75E497F73D1}\Machine\Scripts" bkp:Location="DomainSysvol\GPO\Machine\Scripts"/><FSObjectDir bkp:Path="%GPO_MACH_FSPATH%\Scripts\Shutdown" bkp:SourceExpandedPath="\\DC01.corp.viamonstra.com\sysvol\corp.viamonstra.com\Policies\{97920916-6AD4-471D-8B5D-C75E497F73D1}\Machine\Scripts\Shutdown" bkp:Location="DomainSysvol\GPO\Machine\Scripts\Shutdown"/><FSObjectDir bkp:Path="%GPO_MACH_FSPATH%\Scripts\Startup" bkp:SourceExpandedPath="\\DC01.corp.viamonstra.com\sysvol\corp.viamonstra.com\Policies\{97920916-6AD4-471D-8B5D-C75E497F73D1}\Machine\Scripts\Startup" bkp:Location="DomainSysvol\GPO\Machine\Scripts\Startup"/></GroupPolicyExtension></GroupPolicyObject>
</GroupPolicyBackupScheme>