<?xml version="1.0" encoding="utf-8"?>
<Groups clsid="{3125E937-EB16-4b4c-9934-544FC6D24D26}"><Group clsid="{6D4A79E4-529C-4481-ABD0-F5BD7EA93BA7}" name="Administrators (built-in)" image="2" changed="2024-10-16 09:39:20" uid="{C8F4863F-19FE-4551-A9BB-6F6DA4806907}"><Properties action="U" newName="" description="" deleteAllUsers="0" deleteAllGroups="0" removeAccounts="0" groupSid="S-1-5-32-544" groupName="Administrators (built-in)"><Members><Member name="DAMBERG\Domain Admins" action="ADD" sid="S-1-5-21-1089748836-2037843502-3626185952-512"/><Member name="DAMBERG\CM_CP" action="ADD" sid="S-1-5-21-1089748836-2037843502-3626185952-1105"/></Members></Properties></Group>
</Groups>
